english	hi_deva_in	status	register_or_domain	authority	rationale_or_rejected_choice
set	समुच्चय	controlled	set theory	CSTT mathematics glossary; native Hindi mathematics usage	Use native technical term; reject unadapted English set.
element	अवयव	controlled	set theory	CSTT mathematics glossary lists तत्व/अल्पांश/अवयव; native instructional use	अवयव is concise and established for membership; सदस्य retained as explanatory synonym on first occurrence.
member	सदस्य	indexed synonym	set theory	native Hindi instructional usage	Useful bridge synonym; controlled token remains अवयव.
empty set	रिक्त समुच्चय	controlled	set theory	CSTT mathematics glossary	Reject खाली सेट and null-set transliteration.
extensionality	विस्तारात्मकता	provisional controlled	logic/model theory	productive Hindi technical formation from विस्तारात्मक plus the complete source definition	Use the same noun throughout the Semantics chapter; retain अवयव-निर्धारित समानता as an accessible indexed gloss and reject bare एक्सटेंशनलिटी.
element-determined equality	अवयव-निर्धारित समानता	reader-facing gloss	logic/set theory	semantic gloss for extensionality	Used as the first heading so a Hindi-medium reader is not gated by a coined abstract noun.
perfect number	परिपूर्ण संख्या	controlled	number theory	CSTT-derived mathematics glossary witness; Hindi dictionary usage	Reject perfect संख्या and संपूर्ण संख्या for this controlled sense.
proper divisor	उचित भाजक	controlled	number theory	Azim Premji University Hindi mathematics translation, Number Bases, p. 11	Reject English divisor and overly long self-excluding paraphrase after first definition.
if and only if	तभी और केवल तभी	controlled	logic	standard Hindi mathematical phrasing	Preserves biconditional force; reject केवल यदि for iff.
problem	प्रश्न	controlled	pedagogy	Hindi educational register	Matches problem environment while avoiding untranslated Problem.
definition	परिभाषा	controlled	logic/mathematics	CSTT/native instructional usage	Stable theorem caption.
example	उदाहरण	controlled	pedagogy	native instructional usage	Stable theorem caption.
subset	उपसमुच्चय	controlled	set theory	CSTT Learners Glossary of Mathematics; NCERT Hindi via IIT Kanpur SATHEE	Reject English subset and nonstandard partial calques.
proper subset	उचित उपसमुच्चय	controlled	set theory	CSTT Learners Glossary of Mathematics; NCERT Hindi via IIT Kanpur SATHEE	Preserves the strict-inclusion sense; reject वास्तविक उपसमुच्चय in this edition.
power set	घात समुच्चय	controlled	set theory	CSTT Learners Glossary of Mathematics; NCERT Hindi via IIT Kanpur SATHEE	Reject power सेट and शक्ति समुच्चय.
criterion	निकष	controlled	logic/mathematics	CSTT/native academic Hindi usage	Used for an identity criterion; reject untranslated criterion.
proposition	प्रतिज्ञप्ति	controlled	logic	standard Hindi logic usage; CSTT Learners Glossary lists साध्य/कथन as alternatives	Matches the locale-wide rendered proposition caption; retain साध्य and कथन as indexed search alternatives, not silent caption substitutes.
natural number	प्राकृत संख्या	controlled	number systems	CSTT mathematics glossary; native Hindi university and NCERT usage	Preserve the source convention that this OLP set includes 0; do not silently substitute the separate NCERT natural/whole-number convention.
integer	पूर्णांक	controlled	number systems	CSTT mathematics glossary; NCERT Hindi usage	Reject integer transliteration and the less precise पूर्ण संख्या.
rational number	परिमेय संख्या	controlled	number systems	CSTT Fundamental Glossary of Mathematics; NCERT Hindi usage	Reject rational संख्या and तर्कसंगत संख्या in this mathematical sense.
real number	वास्तविक संख्या	controlled	number systems	CSTT mathematics glossary; NCERT Hindi usage	Stable native mathematical term.
infinite set	अनंत समुच्चय	controlled	set theory	CSTT/native Hindi mathematics usage	Reject infinite सेट; distinguish from the finite/infinite contrast without changing cardinality claims.
positive integer	धन पूर्णांक	controlled	number systems	CSTT/native Hindi mathematics usage	Reject positive integer transliteration.
continuum	सातत्य	provisional controlled	analysis/set theory	CSTT academic usage; transparent Sanskritic formation	Retain continuum in the English sidecar; the parenthetical Hindi label is reader-facing.
alphabet	वर्णमाला	controlled	formal languages	CSTT/native Hindi computing usage	Preserves the formal-language sense; not a translation of the identifier A.
finite string	परिमित वर्ण-शृंखला	controlled	formal languages	transparent Hindi pedagogical register; CSTT indexes string as रज्जु माला	Prefer a reader-comprehensible native compound; retain string and CSTT रज्जु माला as indexed alternatives, reject bare स्ट्रिंग in main prose.
empty string	रिक्त वर्ण-शृंखला	controlled	formal languages	compositional with controlled रिक्त and वर्ण-शृंखला	Preserve the formal symbol Lambda and translate only the reader-facing name.
string length	वर्ण-शृंखला की लंबाई	controlled	formal languages	transparent Hindi pedagogical register	Preserve the formal command and value in len(x)=n.
infinite sequence	अनंत अनुक्रम	controlled	set theory/formal languages	CSTT/native Hindi mathematics usage	Reject infinite sequence hybrid; sequence remains अनुक्रम.
union	सम्मिलन	controlled	set theory	NCERT Hindi Class XI Sets via IIT Kanpur SATHEE	Use the native textbook term; reject यूनियन and bare English union in main prose.
intersection	सर्वनिष्ठ	controlled	set theory	NCERT Hindi Class XI Sets via IIT Kanpur SATHEE	Use the NCERT term for the operation denoted by intersection; reject इंटरसेक्शन.
common element	उभयनिष्ठ अवयव	controlled	set theory	NCERT Hindi Class XI Sets via IIT Kanpur SATHEE	Makes the shared-membership sense explicit and supports the intersection definition.
disjoint sets	असंयुक्त समुच्चय	controlled	set theory	NCERT Hindi Class XI Sets via IIT Kanpur SATHEE	Preserve the empty-intersection criterion; reject disjoint सेट.
set difference	समुच्चय-अंतर	controlled	set theory	NCERT Hindi Class XI Sets via IIT Kanpur SATHEE	Use अंतर in the caption and hyphenated समुच्चय-अंतर at first formal definition; reject difference transliteration.
operation	संक्रिया	controlled	mathematics	NCERT Hindi Class XI Sets via IIT Kanpur SATHEE	Standard mathematical operation term; reject ऑपरेशन in main prose.
index	सूचकांक	controlled	indexed families	CSTT/native Hindi mathematics usage	Preserve the formal index set I and subscripts; reject इंडेक्स in main prose.
dual operation	द्वैत संक्रिया	controlled	logic/mathematics	CSTT/native academic Hindi usage	Quoted as in source on first use; preserve the conceptual duality without English substitution.
ordered pair	क्रमित युग्म	controlled	set theory	CSTT Fundamental/Learners Glossary of Mathematics; NCERT Hindi Class XI via IIT Kanpur SATHEE	Exact official headword and native textbook term; reject ordered पेयर and अनुरूपित युग्म.
unordered pair	अक्रमित युग्म	controlled	set theory	compositional contrast with CSTT क्रमित युग्म; IIT Kanpur SATHEE set-theory usage	Preserve the source contrast with ordered pairs; reject unordered पेयर.
triple	त्रिक	controlled	set theory/relations	NCERT Hindi Class XI via IIT Kanpur SATHEE	Use the native textbook term for a three-component ordered group; reject ट्रिपल.
quadruple	चतुष्टय	provisional controlled	set theory/relations	transparent native mathematical formation paired with the displayed four-component object	Reject क्वाड्रपल; the displayed nesting makes the intended arity explicit.
ordered n-tuple	क्रमित n-अवयवी समूह	reader-facing controlled gloss	set theory/relations	transparent Hindi pedagogical formation; NCERT controls क्रमित, अवयव, युग्म and त्रिक	Avoid the opaque transliteration n-टपल; preserve n and the displayed tuple command as formal notation.
Cartesian product	कार्तीय गुणनफल	controlled	set theory/relations	NCERT Hindi Class XI Relations and Functions via IIT Kanpur SATHEE	Native textbook term for A × B; कार्तीय गुणन retained as indexed variant, reject Cartesian product transliteration.
recursive definition	पुनरावर्ती परिभाषा	controlled	logic/mathematics	CSTT/native Hindi computing and mathematics usage	Preserve the recurrence equations literally; reject recursive definition hybrid.
induction	आगमन	controlled	logic/mathematics	CSTT/native Hindi mathematics usage	Use k पर आगमन for induction on k; reject इंडक्शन.
grid	जालिका	controlled	mathematics/visualization	CSTT/native academic Hindi usage	Describes the displayed rectangular arrangement without altering its array syntax.
word over an alphabet	वर्णमाला पर बना शब्द	controlled	formal languages	transparent Hindi formal-language register, consistent with controlled वर्णमाला and वर्ण-शृंखला	Use A पर बना शब्द in context; preserve formal A* and reject bare वर्ड.
Russell's paradox	रसेल का विरोधाभास	controlled	set theory/logic	CSTT controls paradox as विरोधाभास; native Hindi mathematical naming	Preserve Russell as the proper name रसेल; reject English Paradox and विरोधोक्ति as the main edition term.
set-builder form / comprehension	समुच्चय-निर्माण	controlled	set theory	NCERT Hindi Class XI Sets via IIT Kanpur SATHEE	Native textbook term for describing a set by the common property of exactly its elements; reject सेट-बिल्डर and opaque comprehension transliteration.
property	गुणधर्म	controlled	logic/set theory	NCERT Hindi Class XI Sets via IIT Kanpur SATHEE	Distinguish a defining property from a mere informal description; reject प्रॉपर्टी.
contradiction	विरोधाभास	controlled	logic	CSTT fundamental glossaries; native Hindi logic usage	Use the same controlled family for paradox and contradiction where context disambiguates; reject कॉन्ट्राडिक्शन.
non-self-membered	स्वयं का अवयव न होने वाला	reader-facing controlled gloss	set theory	transparent composition with controlled अवयव	Prefer the explicit relation over an opaque coined noun or self-membered transliteration.
axiom	अभिगृहीत	controlled	mathematics/logic	NCERT Hindi mathematics via IIT Kanpur SATHEE; CSTT academic usage	Official/native mathematical term; reject एक्सिओम and do not conflate with theorem.
inconsistent	असंगत	controlled	logic	CSTT/native Hindi academic usage	Preserve the logical sense of jointly untenable claims; reject इनकंसिस्टेंट.
naive set theory	अनौपचारिक समुच्चय सिद्धान्त	reader-facing controlled gloss	set theory	pedagogical semantic gloss paired with explicit absence of precise existence axioms	Avoid naïve/नैव transliteration; English remains only in the terminology sidecar.
relation	संबंध	controlled	set theory/logic	NCERT Hindi mathematics via IIT Kanpur SATHEE; IGNOU eGyanKosh Hindi mathematics	Use the established reader term throughout; reject रिलेशन and रिश्ता in mathematical prose.
binary relation	द्वयी संबंध	controlled	set theory/logic	CSTT Fundamental Glossary of Computer Science; CSTT Gyan Garima terminology record	Official headword; reject बाइनरी संबंध, while द्विचर संबंध remains an indexed cross-domain variant.
order relation	क्रम-संबंध	controlled	set theory/order theory	IGNOU eGyanKosh Hindi mathematics; native Hindi university syllabus usage	Use the hyphenated compound at first mention and क्रम thereafter where unambiguous.
identity relation	तत्समक संबंध	controlled	set theory/logic	CSTT Fundamental Glossary of Mathematics; IIT Kanpur SATHEE Hindi mathematics	Official/native term for the diagonal relation; reject आइडेंटिटी संबंध.
less-than relation	‘से छोटा है’ संबंध	reader-facing controlled gloss	set theory/order theory	NCERT Hindi relational phrasing via IIT Kanpur SATHEE	The quoted predicate is immediately tied to the preserved symbol <; reject an opaque coined noun.
greater-than relation	‘से बड़ा है’ संबंध	reader-facing controlled gloss	set theory/order theory	NCERT Hindi relational phrasing via IIT Kanpur SATHEE	The quoted predicate is immediately tied to the preserved symbol >; reject English greater-than.
less-than-or-equal relation	‘से छोटा या बराबर है’ संबंध	reader-facing controlled gloss	set theory/order theory	transparent Hindi mathematical phrasing paired with preserved symbol ≤	Preserve the source relation and use the displayed inequality to disambiguate.
greater-than-or-equal relation	‘से बड़ा या बराबर है’ संबंध	reader-facing controlled gloss	set theory/order theory	transparent Hindi mathematical phrasing paired with preserved symbol ≥	Preserve the source relation and use the displayed inequality to disambiguate.
order	क्रम	controlled	set theory/order theory	IGNOU eGyanKosh Hindi mathematics; native Hindi university syllabus usage	Use for the technical relation class, not for arbitrary textual sequence.
irreflexive	अस्वतुल्य	controlled	set theory/logic	IGNOU eGyanKosh Hindi mathematics; CSTT cross-domain relation terminology	The accompanying definition makes the no-self-pair condition explicit; reject untranslated irreflexive.
strict order	प्रबल क्रम	controlled	set theory/order theory	CSTT terminology record for strong (strict) order	Use only when the relation is both an order and irreflexive; reject स्ट्रिक्ट ऑर्डर.
empty relation	रिक्त संबंध	controlled	set theory/logic	IIT Kanpur SATHEE Hindi mathematics	Preserve the empty-set symbol and reject empty रिलेशन.
universal relation	सार्वत्रिक संबंध	controlled	set theory/logic	IIT Kanpur SATHEE Hindi mathematics	Preserve A^2 as the formal universal relation on A; reject यूनिवर्सल संबंध.
diagonal	विकर्ण	controlled	set theory/linear algebra	CSTT/native Hindi mathematics usage	Use for the displayed matrix diagonal; do not confuse with Cartesian-product geometry.
domain	प्रांत	controlled	set theory/functions	NCERT Hindi Class XI/XII via IIT Kanpur SATHEE; IGNOU eGyanKosh Hindi mathematics	Use the native textbook term for the underlying set on which a relation is considered; reject डोमेन in main prose.
reflexivity	स्वतुल्यता	controlled	set theory/logic	NCERT Hindi Class XII via IIT Kanpur SATHEE; IGNOU eGyanKosh Hindi mathematics	Nominal form paired with the definition heading; do not confuse with equivalence.
reflexive	स्वतुल्य	controlled	set theory/logic	NCERT Hindi Class XII via IIT Kanpur SATHEE; CSTT computer-science glossary	Native textbook and official glossary term; reject रिफ्लेक्सिव and the misleading स्वतः.
transitivity	संक्रामकता	controlled	set theory/logic	NCERT Hindi Class XII via IIT Kanpur SATHEE	Nominal form used in the definition heading and derived transparently from controlled संक्रामक.
transitive	संक्रामक	controlled	set theory/logic	NCERT Hindi Class XII via IIT Kanpur SATHEE	Native textbook term; reject ट्रांज़िटिव and संचारी in this edition.
symmetry	सममिति	controlled	set theory/logic	NCERT Hindi Class XII via IIT Kanpur SATHEE	Nominal form used for the relation property; distinguish from geometric symmetry only by context.
symmetric	सममित	controlled	set theory/logic	NCERT Hindi Class XII via IIT Kanpur SATHEE	Native textbook term; reject सिमेट्रिक.
anti-symmetry	प्रति-सममिति	controlled	set theory/order theory	IGNOU eGyanKosh Hindi mathematics	Keep the प्रति- contrast explicit; never collapse this property into mere non-symmetry or असममिति.
anti-symmetric	प्रति-सममित	controlled	set theory/order theory	IGNOU eGyanKosh Hindi mathematics	Definition requires both directions to imply equality; reject एंटी-सिमेट्रिक and distinguish from असममित.
connectivity	संबद्धता	provisional controlled	set theory/order theory	transparent native mathematical formation with the source definition	The definition immediately gives comparability of every distinct pair; retain connected in the English index and reject कनेक्टिविटी.
connected	संबद्ध	provisional controlled	set theory/order theory	transparent native mathematical formation with the source definition	Use only for the explicitly defined relation property; do not infer graph connectedness.
equivalence relation	तुल्यता संबंध	controlled	set theory/logic	NCERT Hindi Class XII via IIT Kanpur SATHEE	The established three-property relation; reject equivalence रिलेशन and distinguish from तत्समक संबंध.
irreflexivity	अस्वतुल्यता	controlled	set theory/logic	IGNOU eGyanKosh Hindi mathematics; CSTT cross-domain relation terminology	Nominal form paired with controlled अस्वतुल्य; distinguish from merely not reflexive.
asymmetry	असममिति	controlled	set theory/logic	transparent Hindi mathematical formation; native Hindi examination usage	The definition excludes both directions for every pair; distinguish sharply from प्रति-सममिति.
asymmetric	असममित	controlled	set theory/logic	transparent Hindi mathematical formation; native Hindi examination usage	Reject asymmetric transliteration; definition makes the no-mutual-pair condition explicit.
equivalence class	तुल्यता वर्ग	controlled	set theory/logic	NCERT Hindi Class XII via IIT Kanpur SATHEE; CSTT Fundamental Glossary of Mathematics	Established official/native term for the class of all elements equivalent to a fixed representative; reject equivalence क्लास.
R-equivalent	R-तुल्य	controlled	set theory/logic	NCERT/CSTT equivalence terminology plus preserved formal relation symbol	Keep the formal symbol R invariant and attach the controlled adjective तुल्य; reject R-equivalent in Hindi reader prose.
partition	विभाजन	controlled	set theory/logic	NCERT Hindi Class XII via IIT Kanpur SATHEE	Use for the mutually disjoint subsets induced by an equivalence relation; individual parts are खंड, not separate partitions.
quotient set	विभाग समुच्चय	controlled	set theory/logic	CSTT Fundamental Glossary of Mathematics	Official headword for the set of equivalence classes; reject bare भागफल where it could suggest numerical division.
modular arithmetic	मापांक अंकगणित	provisional controlled	number theory	transparent native formation paired with the preserved congruence notation and full remainder definition	No direct official headword was located in the bounded check; reject unadapted मॉड्यूलर अरिथमेटिक and retain English in the index.
remainder	शेषफल	controlled	arithmetic/number theory	NCERT Hindi Class X via IIT Kanpur SATHEE	Established school-mathematics term for the remainder after division; reject रिमेंडर.
preorder	पूर्वक्रम	provisional controlled	set theory/order theory	transparent native formation paired with the complete reflexive-and-transitive definition	No direct official Hindi headword was located in the bounded check; reject प्रीऑर्डर and keep the English term indexed.
partial order	आंशिक क्रम	controlled	set theory/order theory	IGNOU eGyanKosh Hindi mathematics, Unit 3	Native university text directly defines आंशिक क्रम as reflexive, anti-symmetric, and transitive; reject partial ऑर्डर.
total order	संपूर्ण क्रम	controlled	set theory/order theory	IGNOU eGyanKosh Hindi mathematics, Unit 3	Native university text directly uses संपूर्ण क्रम संबंध for total order; keep every-pair comparability explicit.
linear order	रैखिक क्रम	controlled	set theory/order theory	CSTT Fundamental Glossary of Mathematics	Official headword; the source identifies it with total order and both Hindi names are retained.
comparable	तुलनीय	controlled	set theory/order theory	CSTT/native academic Hindi usage	The surrounding definition makes pairwise comparability explicit; reject कम्पेरेबल.
strict linear order	प्रबल रैखिक क्रम	controlled set-theory formation	set theory/order theory	CSTT प्रबल क्रम plus CSTT रैखिक क्रम	Compositional term preserves both controlled properties; reject स्ट्रिक्ट लीनियर ऑर्डर.
strict total order	प्रबल संपूर्ण क्रम	controlled set-theory formation	set theory/order theory	CSTT प्रबल क्रम plus IGNOU संपूर्ण क्रम	Compositional synonym paired with प्रबल रैखिक क्रम exactly where the source gives both names.
divisibility without remainder	निःशेष विभाज्यता	reader-facing controlled	number theory	IGNOU native Hindi divisibility examples; NCERT/CSTT remainder register	The preserved divides notation immediately fixes the sense; reject divisibility transliteration.
extension relation	विस्तार संबंध	provisional controlled	sequences/order theory	transparent mathematical formation paired with the complete sequence definition	Distinguish this relation from विस्तारिता; preserve the formal prefix condition and reject एक्सटेंशन रिलेशन.
initial segment	आरंभिक खंड	provisional controlled	sequences/order theory	transparent Hindi pedagogical formation paired with the complete prefix definition	Use only for a sequence prefix in this unit; reject इनिशियल सेगमेंट.
reflexive closure	स्वतुल्य संवरक	controlled	set theory/relations	CSTT Fundamental Glossary of Computer Science	Official headword for adjoining the diagonal identity relation; reject रिफ्लेक्सिव क्लोजर.
graph	आलेख	controlled	graph theory/discrete mathematics	CSTT Fundamental and Learners' Glossaries of Mathematics	Use the official mathematical headword; distinguish the mathematical आलेख from the general diagram आरेख and reject unadapted ग्राफ in reader prose.
directed graph	दिष्ट आलेख	controlled	graph theory/relations	IGNOU eGyanKosh Hindi mathematics Unit 3	The native university relation unit directly uses दिष्ट आलेख for a directed-graph representation of a relation; reject डायरेक्टेड ग्राफ.
vertex	शीर्ष	controlled	graph theory/geometry	NCERT Hindi mathematics via IIT Kanpur SATHEE	Established mathematical term; preserve formal vertex labels and reject वर्टेक्स.
node	संधि-बिंदु	controlled with first-use synonym	graph theory/computer science	CSTT Fundamental Glossary of Computer Science	Use संधि-बिंदु where the source explicitly gives node as a synonym of vertex, followed by शीर्ष at first use; reject नोड.
edge	कोर	controlled	graph theory/discrete mathematics	CSTT Fundamental and Learners' Glossaries of Mathematics	Use the official graph-theory headword; avoid किनारा where it could suggest an ordinary physical boundary and reject एज.
isolated vertex	पृथक शीर्ष	controlled composition	graph theory	CSTT/NCERT controlled शीर्ष plus transparent native पृथक	The source meaning is a vertex present in V with no incident represented edge; reject आइसोलेटेड वर्टेक्स.
diagram	आरेख	controlled	mathematics/visual representation	CSTT mathematics terminology and native instructional usage	Use for the drawn visual object and keep it distinct from graph = आलेख.
graphical representation	आलेखी निरूपण	controlled	mathematics/visual representation	CSTT Learners' Glossary of Mathematics	Official compositional terminology; source inflection appears as आलेखी रूप में निरूपित.
discrete mathematics	विविक्त गणित	controlled	mathematics	CSTT mathematics terminology	Established subject name; reject डिस्क्रीट मैथमेटिक्स.
computer science	संगणक विज्ञान	controlled	computer science	CSTT Fundamental Glossary of Computer Science	Use the native subject name in Hindi prose; reject कंप्यूटर साइंस.
formula	सूत्र	controlled	logic/mathematics	CSTT/native Hindi logic and mathematics register	The locale token supplies singular सूत्र and plural/oblique सूत्रों; reject फॉर्मूला in reader prose.
derivation	व्युत्पत्ति	provisional controlled	logic	transparent established mathematical formation paired with the surrounding proof-system context	Use singular व्युत्पत्ति, direct plural व्युत्पत्तियाँ, and oblique plural व्युत्पत्तियों for a formal derivation and its tree; retain English only in the sidecar and reject डेरिवेशन.
syntax tree	वाक्यविन्यास-वृक्ष	provisional controlled	logic/formal languages	transparent composition of native वाक्यविन्यास and controlled वृक्ष	The decomposition sentence fixes the intended parse-tree sense; reject सिंटैक्स ट्री.
tree	वृक्ष	controlled	set theory/graph theory	established Hindi mathematics and data-structure usage; complete source definition	Preserve the graph-theoretic metaphor and distinguish the formal object by its displayed pair and order conditions.
root	मूल	controlled	tree/order theory	established Hindi mathematics and data-structure usage; diagram and definition	The unique least element and drawn lowermost node fix the sense; reject रूट.
ancestor	पूर्वज	controlled tree terminology	tree/order theory	established native kinship metaphor used in Hindi data-structure teaching	The upward edge-reachability sentence fixes the formal relation; reject एन्सेस्टर.
least element	न्यूनतम अवयव	controlled	set/order theory	IIT Kanpur SATHEE Hindi natural-number material	The native witness states that every nonempty set of natural numbers has a न्यूनतम अवयव; preserve the full quantified definition here.
well-ordered	सुक्रमित	provisional controlled	set/order theory	bounded Hindi mathematical usage plus complete in-text definition	The text immediately defines the condition through every nonempty subset having a least element; reject bare वेल-ऑर्डर्ड.
successor	उत्तरवर्ती	provisional controlled	tree/order theory	transparent native order-theory formation paired with the no-intermediate-element definition	Distinguish the relation from a later sequence value; reject सक्सेसर.
predecessor	पूर्ववर्ती	provisional controlled	tree/order theory	transparent native order-theory formation paired with the proposition and proof	Distinguish it from ancestor; a predecessor is immediate under the definition.
parent	जनक	controlled tree terminology	tree/data structures	established native data-structure kinship metaphor	Use as the source synonym of predecessor; reject पैरेंट.
child	संतान	controlled tree terminology	tree/data structures	established native data-structure kinship metaphor	Use as the source synonym of successor; reject चाइल्ड.
branch	शाखा	controlled	tree/order theory	established native mathematical metaphor plus complete maximal-chain definition	The formal definition prevents collision with an arbitrary botanical branch; reject ब्रांच.
maximal chain	अधिकतम शृंखला	provisional controlled	order theory	transparent composition paired with the complete comparability and maximality clauses	Use शृंखला only for the order-theoretic chain; reject मैक्सिमल चेन.
finitely branching	परिमित-शाखी	provisional controlled	tree theory	transparent composition paired with the finite-successor definition	The definition fixes finite branching at every node; reject फाइनाइटली ब्रांचिंग.
binary tree	द्विआधारी वृक्ष	controlled	tree theory/computer science	standard native computer-science formation	The displayed alphabet {0,1} and two-successor statement fix the binary sense.
subtree	उपवृक्ष	controlled	tree theory	standard native mathematical composition	The closure condition and ambient वृक्ष make the relation explicit; reject सबट्री.
lemma	उपप्रमेय	controlled	logic/mathematics	CSTT/native Hindi mathematical register	Use for Kőnig's lemma and its weak form; preserve the proper name's TeX accent command.
computability theory	संगणनीयता सिद्धांत	controlled	logic/computer science	CSTT/native Hindi technical formation with standardized modern orthography	Use the native discipline name; reject कम्प्यूटेबिलिटी थ्योरी and standardize new copy on सिद्धांत rather than the legacy spelling सिद्धान्त.
inverse relation	प्रतिलोम संबंध	controlled	set theory/relations	IIT Kanpur SATHEE Hindi relations material	The native witness defines R inverse by reversing ordered pairs; reject इनवर्स रिलेशन.
relative product	सापेक्ष गुणनफल	provisional controlled	set theory/relations	transparent native composition paired with the complete quantified definition	Keep this source-specific R mid S operation distinct from ordinary Cartesian product and from function composition; reject रिलेटिव प्रोडक्ट.
restriction of a relation	प्रतिबंधन	provisional controlled	set theory/relations	Hindi mathematical restriction register plus the displayed intersection with A squared	Use in the phrase A पर R का प्रतिबंधन; the formula fixes the exact operation and avoids the ordinary-condition sense of प्रतिबंध.
application of a relation	अनुप्रयोग	provisional controlled	set theory/relations	native mathematical application register plus the displayed relational-image definition	Use in the phrase A पर R का अनुप्रयोग; do not mistranslate it as function evaluation.
transitive closure	संक्रामक संवरक	controlled composition	set theory/relations	controlled संक्रामक plus existing CSTT-controlled संवरक register	The recursive union of positive powers fixes the closure; reject ट्रांजिटिव क्लोजर.
reflexive transitive closure	स्वतुल्य संक्रामक संवरक	controlled composition	set theory/relations	controlled स्वतुल्य and संक्रामक plus existing CSTT-controlled संवरक register	The displayed union with the identity relation fixes reflexive-transitive closure; reject transliterated hybrid forms.
function	फलन	controlled	set theory/functions	NCERT Hindi Class XI/XII mathematics via IIT Kanpur SATHEE	Native textbook headword; reject फ़ंक्शन in reader prose.
mapping	प्रतिचित्रण	controlled	set theory/functions	NCERT Hindi relations-and-functions register via IIT Kanpur SATHEE	Use for the assignment of each domain element to exactly one codomain element; reject मैपिंग.
codomain	सहप्रांत	controlled	set theory/functions	NCERT Hindi Class XI/XII mathematics via IIT Kanpur SATHEE	Native textbook term paired with प्रांत and परिसर; reject कोडोमेन.
range of a function	परिसर	controlled	set theory/functions	NCERT Hindi Class XI/XII mathematics via IIT Kanpur SATHEE	Use for the actual set of function values; keep distinct from सहप्रांत and reject रेंज.
image under a function	प्रतिबिंब	controlled	set theory/functions	NCERT Hindi relations-and-functions register via IIT Kanpur SATHEE	Use for the element paired with a domain element; the unit also gives the accessible value wording.
input	निवेश	controlled	functions/computation	IIT Kanpur SATHEE Hindi relations-and-functions notes	Native input term paired with निर्गम; reject इनपुट.
output	निर्गम	controlled	functions/computation	IIT Kanpur SATHEE Hindi relations-and-functions notes	Native output term paired with निवेश; reject आउटपुट.
argument of a function	फलन-कोणांक	controlled	set theory/functions	CSTT Comprehensive Glossary of Engineering records फलन कोणांक	Use after the accessible synonym निवेश; reject आर्ग्युमेंट and avoid bare तर्क collision with logical argument.
value of a function	फलन का मान	controlled	set theory/functions	NCERT Hindi mathematics usage via IIT Kanpur SATHEE	Use with the explicit notation f(x); retain the possessive form required by Hindi prose.
black box	काली पेटी	reader-facing controlled gloss	mathematics/computation	transparent native pedagogical metaphor	The following sentence defines the abstraction completely; reject ब्लैक बॉक्स in reader prose.
piecewise definition	खंडशः परिभाषा	controlled	functions	standard Hindi mathematical formation	Use खंडशः for definition by cases; the displayed cases immediately fix the sense.
exhaustive cases	सर्वसमावेशी स्थितियाँ	controlled composition	logic/functions	controlled सर्वसमावेशी plus transparent स्थितियाँ	Every possible input must occur in a case; reject एक्सहॉस्टिव केसेज़.
mutually exclusive cases	परस्पर अपवर्जी स्थितियाँ	controlled composition	logic/functions	controlled अपवर्जी logic register plus transparent परस्पर	No input may occur in two cases; reject म्यूचुअली एक्सक्लूसिव केसेज़.
successor of a number	परवर्ती	controlled	number theory	NCERT Hindi Class VI mathematics via IIT Kanpur SATHEE	Use for n+1 in number-system prose; keep distinct from the existing relation/tree-theory उत्तरवर्ती and reject सक्सेसर.
surjective function	आच्छादक फलन	controlled	set theory/functions	NCERT Hindi Class XII relations and functions via IIT Kanpur SATHEE	Native textbook headword; आच्छादी is an attested synonym, but use आच्छादक consistently and reject सर्जेक्टिव.
surjection	आच्छादक प्रतिचित्रण	controlled	set theory/functions	NCERT Hindi Class XII definition plus the displayed quantified condition	Use the noun phrase for a mapping whose range equals its codomain; reject सर्जेक्शन.
injective function	एकैकी फलन	controlled	set theory/functions	NCERT Hindi Class XII relations and functions via IIT Kanpur SATHEE	Native textbook headword; one-to-one is explained by the definition and reject इंजेक्टिव.
injection	एकैकी प्रतिचित्रण	controlled	set theory/functions	NCERT Hindi Class XII definition plus the displayed uniqueness condition	Use the noun phrase for a mapping that never identifies distinct inputs; reject इंजेक्शन.
bijective function	एकैकी आच्छादक फलन	controlled	set theory/functions	NCERT Hindi Class XII relations and functions via IIT Kanpur SATHEE	Use the explicit native conjunction; आच्छादी is an attested variant and reject बाइजेक्टिव.
bijection	एकैकी आच्छादक प्रतिचित्रण	controlled	set theory/functions	NCERT Hindi Class XII bijective definition plus OLP definition	Use the noun phrase for a mapping that is both injective and surjective; reject बाइजेक्शन.
one-to-one correspondence	एकैकी संगति	controlled composition	set theory/functions	controlled एकैकी plus native mathematical संगति	The following source clause defines unique pairing; reject वन-टू-वन कॉरेस्पॉन्डेन्स.
graph of a function	फलन का आलेख	controlled	set theory/functions	controlled CSTT आलेख plus native फलन genitive	Use for the relation R_f of ordered pairs; reject फ़ंक्शन ग्राफ and keep distinct from आरेख as a drawn diagram.
functional relation	फलनात्मक संबंध	controlled composition	set theory/functions	controlled फलन plus productive mathematical suffix	The adjacent proposition gives the uniqueness and totality conditions; reject फ़ंक्शनल रिलेशन.
well-defined	सुपरिभाषित	controlled	mathematics	standard Hindi mathematical formation	Use where uniqueness guarantees that f assigns one value; reject वेल-डिफाइंड.
restriction of a function	प्रतिबंधन	controlled	set theory/functions	controlled relation/function restriction register plus displayed formula	Use in the phrase C पर f का प्रतिबंधन; its domain is C and values agree with f.
application of a function to a set	अनुप्रयोग	controlled	set theory/functions	controlled relation application register plus displayed image formula	Use in the phrase C पर f का अनुप्रयोग; distinguish from evaluation at a single argument.
image of a set under a function	प्रतिबिंब	controlled	set theory/functions	NCERT Hindi function-image register plus displayed set-builder formula	Use as f के अधीन C का प्रतिबिंब and keep distinct from whole-function range परिसर.
inverse of a function	फलन का प्रतिलोम	controlled	set theory/functions	NCERT Hindi Class XII relations and functions via IIT Kanpur SATHEE	NCERT defines g as f का प्रतिलोम and writes f^{-1}; reject इनवर्स फ़ंक्शन.
invertible function	व्युत्क्रमणीय फलन	controlled	set theory/functions	NCERT Hindi Class XII relations and functions via IIT Kanpur SATHEE	Use when a two-sided inverse exists; keep distinct from merely having one one-sided inverse.
left inverse	वाम प्रतिलोम	controlled	set theory/functions	CSTT Fundamental Glossary of Mathematics (English-Hindi-Marathi)	Official technical headword; the adjacent equation g(f(x))=x supplies the accessible operational explanation; reject लेफ्ट इनवर्स.
right inverse	दक्षिण प्रतिलोम	controlled	set theory/functions	CSTT Fundamental Glossary of Mathematics (English-Hindi-Marathi)	Official technical headword; the adjacent equation f(h(y))=y supplies the accessible operational explanation; reject राइट इनवर्स.
composition of functions	फलन-संयोजन	controlled	set theory/functions	CSTT Learners Glossary of Mathematics; NCERT Hindi Class XII via IIT Kanpur SATHEE	CSTT records फलन-संयोजन and NCERT uses फलनों का संयोजन with g∘f=g(f(x)); reader headings use the natural inflected phrase and reject कम्पोज़िशन.
partial function	आंशिक फलन	controlled	set theory/functions	CSTT Glossary of Computer Science (English-Hindi)	Official headword directly recorded by CSTT; adjacent definition supplies at-most-one-output condition; reject पार्शियल फ़ंक्शन.
total function	पूर्ण फलन	controlled composition	set theory/functions	controlled पूर्ण plus explicit OLP definition	Used only after explaining that the partial function is defined on every domain element; reject टोटल फ़ंक्शन.
serial relation	क्रमिक संबंध	controlled with explicit definition	set theory/relations	controlled क्रमिक plus exact adjacent quantified condition	The proposition immediately states every x has a related y, so the technical sense cannot be confused with an ordinary sequence; reject सीरियल रिलेशन.
enumeration	गणन	controlled	set theory/cardinality	CSTT Fundamental Glossary of Mathematics (English-Hindi-Marathi)	CSTT records गणन and गिनना; use the compact technical noun गणन and reject एन्यूमरेशन.
enumerable set	गणनीय समुच्चय	controlled	set theory/cardinality	CSTT Fundamental Glossary of Mathematics; SATHEE Hindi mathematics usage	Official headword and native teaching usage; reject enumerable सेट.
non-enumerable set	अगणनीय समुच्चय	controlled composition	set theory/cardinality	controlled गणनीय register plus native SATHEE uncountability usage	Use for the strict negation introduced by Cantor's result; reject non-enumerable सेट.
ceiling function	लघुतम पूर्णांक फलन (छत फलन)	controlled	mathematics	CSTT Learners Glossary of Mathematics	CSTT records both forms; lead with the descriptive official term and retain छत फलन parenthetically.
free for	मुक्त	controlled in syntactic frame	first-order logic/substitution	Hindi logical syntax plus the explicit source condition	Render “t is free for x in A” as “t, x के लिए A में मुक्त है”; the surrounding Hindi supplies के लिए and में, so the generated token itself is मुक्त. Reject exposed English “free for”.
complete set	पूर्ण समुच्चय	controlled	logic/model theory	standard Hindi mathematical adjective plus explicit source definition	Use पूर्ण for the completeness property and keep it distinct from समाप्त or whole-work completion; reject exposed English complete.
function symbol	फलन-चिह्न	controlled	first-order logic/syntax	controlled फलन plus transparent चिह्न	Use for the nonlogical syntactic symbol; distinguish it from the interpreted फलन and reject exposed English function symbol.
predicate symbol	विधेय-चिह्न	controlled	first-order logic/syntax	standard Hindi logic विधेय plus transparent चिह्न	Use for the nonlogical syntactic symbol; distinguish it from its interpreted extension and reject exposed English predicate symbol.
formal language	भाषा	controlled	logic/syntax	standard Hindi logic and linguistics register	Use the unmarked native noun where the formal context fixes the sense; preserve formal language identifiers and reject exposed English language.
term value	पद का मान	controlled	logic/model theory	standard Hindi mathematics मान plus the adjacent term context	Use मान for the denotation of a term in a structure; distinguish it from truth value and reject exposed English value.
semantics	अर्थविज्ञान	controlled	logic/model theory	standard Hindi academic register	Use for the theory assigning interpretations and truth conditions; reject exposed English semantics and Hinglish.
structure	संरचना	controlled	logic/model theory	standard Hindi mathematical and logical register	Use for a domain together with interpretations of nonlogical symbols; distinguish from model when the source makes that distinction.
model	प्रतिरूप	controlled	logic/model theory	standard Hindi logic register plus the source satisfaction definition	Use only for a structure satisfying the relevant sentence or theory; reject मॉडल in reader prose.
satisfaction	संतुष्टि	controlled	logic/model theory	standard Hindi logical formation plus the complete inductive definition	Use for the relation between a structure, assignment, and formula; reject exposed English satisfaction.
variable assignment	चर-नियतन	controlled	logic/model theory	controlled native compound plus the source function definition	Use नियतन for the function from variables to the structure's domain; reject असाइनमेंट and keep substitution notation invariant.
x-variant	x-परिवर्ती	controlled	logic/model theory	controlled native formation with invariant formal variable x	Use for assignments agreeing everywhere except possibly at x; reject x-वेरिएंट.
validity	वैधता	controlled	logic/model theory	standard Hindi logical and legal-academic noun disambiguated by the source definition	Use for truth in every structure; reject वैलिडिटी.
semantic consequence	अर्थगत तात्पर्य	controlled	logic/model theory	transparent Hindi logical phrase plus the exact model-theoretic definition	Use the shorter तात्पर्य in definition headings and inflected prose when अर्थगत context is explicit; reject entailment transliteration.
satisfiable	संतुष्टनीय	controlled	logic/model theory	productive native logical formation from संतुष्टि plus the exact existence-of-a-model definition	Use असंतुष्टनीय for its negation; reject सैटिस्फ़ाएबल.
covered structure	आच्छादित संरचना	provisional controlled	logic/model theory	transparent native compound fixed by the source closed-term denotation condition	Use only for the source's technical property that every domain element is denoted by a closed term; reject covered स्ट्रक्चर.
theory	सिद्धांत	controlled	logic/model theory	standard Hindi academic and mathematical register	Use for a deductively closed body or the axiom-governed subject under discussion; reject थ्योरी in reader prose.
axiom system	अभिगृहीत-तंत्र	controlled	logic/model theory	controlled अभिगृहीत plus transparent तंत्र	Use for the source set of axioms; keep distinct from its semantic closure and reject एक्सिओम सिस्टम.
axiomatized	अभिगृहीतीकृत	controlled	logic/model theory	productive formation from controlled अभिगृहीत	Use in the frame “∆ द्वारा अभिगृहीतीकृत”; reject awkward अभिगृहीतित and transliterated forms.
closure	संवरण	controlled	logic/model theory	standard Hindi mathematical formation	Use for the set of all semantic consequences; distinguish the resulting संवरण from the property संवृत.
closed	संवृत	controlled	logic/model theory	standard Hindi mathematical formation	Use for a sentence set containing all its semantic consequences; reject क्लोज़्ड.
intended structure	अभीष्ट संरचना	controlled	logic/model theory	standard Hindi अभीष्ट plus controlled संरचना	Use for structures the axioms are meant to capture; reject intended स्ट्रक्चर.
definability	परिभाषणीयता	controlled	logic/model theory	productive native mathematical formation	Use for whether a relation can be expressed in the chosen language; reject डिफाइनेबिलिटी.
induction schema	आगमन-योजना	controlled	arithmetic/logic	standard Hindi mathematical आगमन plus transparent योजना	Use for the infinite family of induction sentences; reject इंडक्शन स्कीमा.
naive comprehension scheme	अनौपचारिक समुच्चय-निर्माण योजना	controlled reader gloss	set theory	controlled समुच्चय-निर्माण plus the established explanatory अनौपचारिक register	The adjacent paradox explains the technical defect; avoid naïve/नैव transliteration and do not confuse with the later unrestricted principle.
extensional	विस्तारात्मक	controlled	set theory/model theory	standard native mathematical formation	Use for equality determined by the same members; distinguish the adjective from विस्तारात्मकता.
mereology	भागमीमांसा	controlled reader formation	mereology/metaphysics	transparent भाग plus academic मीमांसा	Use for the theory of parts and wholes; retain the exact formal predicate P and reject मेरियोलॉजी in reader prose.
parthood	भाग-संबंध	controlled reader formation	mereology/metaphysics	transparent native compound fixed by the adjacent formal definition	Use for the relation “x is part of y”; keep distinct from membership and subsethood.
co-finite	सहपरिमित	controlled	set theory/definability	standard mathematical सह- formation plus controlled परिमित	Use when the complement is finite; reject को-फाइनाइट.
separation principle	पृथक्करण सिद्धांत	controlled	set theory	standard Hindi mathematical पृथक्करण plus सिद्धांत	Use for the restricted, consistent comprehension principle in ZFC; reject सेपरेशन प्रिंसिपल.
derivation system	व्युत्पत्ति-तंत्र	controlled	logic/proof theory	transparent controlled compound built from the established व्युत्पत्ति and तंत्र	Use for a formal system of axioms and inference rules; reject डेरिवेशन सिस्टम.
sequent	अनुक्रम	controlled	proof theory/sequent calculus	transparent native term fixed by the exact ordered-pair definition	Use for the two sentence sequences separated by the invariant sequent sign; context distinguishes it from an ordinary sequence.
sequent calculus	अनुक्रम-कलन	controlled	proof theory	transparent native compound paired with the complete source definition	Use throughout the proof-systems section; reject exposed English and अनुक्रम कैलकुलस.
natural deduction	स्वाभाविक निगमन	controlled	proof theory	standard Hindi logical निगमन plus an accessible rendering of natural	Use for the proof system patterned on ordinary reasoning; reject नैचुरल डिडक्शन.
truth tree	सत्य-वृक्ष	controlled	proof theory/tableaux	transparent reader-facing compound plus the source branching definition	Use as the primary Hindi name for the signed-formula tree method.
tableau	सत्य-वृक्ष	controlled reader rendering	proof theory/tableaux	exact source method plus the transparent truth-tree form	Render the source token as सत्य-वृक्ष; retain सारणी-प्रमाण only as a one-time indexed explanatory synonym and reject bare टैब्लो.
signed formula	चिह्नित सूत्र	controlled	proof theory/tableaux	transparent native compound fixed by the formula-plus-T-or-F definition	Use with the invariant truth-value signs; reject साइन किया सूत्र.
axiomatic derivation	अभिगृहीतीय व्युत्पत्ति	controlled	proof theory	controlled अभिगृहीत and व्युत्पत्ति register plus the source definition	Use for derivations formed from axiom schemas, assumptions, and inference rules.
axiom schema	अभिगृहीत-प्रतिरूप	controlled	proof theory	controlled अभिगृहीत plus transparent प्रतिरूप	Use for a fixed sentence pattern admitting instances; distinguish it from an individual अभिगृहीत.
inference rule	अनुमान-नियम	controlled	logic/proof theory	standard transparent Hindi logical compound	Use for a rule licensing a conclusion from premises; reject इन्फरेंस रूल.
soundness	सुदृढ़ता	controlled	logic/metatheory	standard Hindi logical register plus the exact derivability-to-consequence definition	Use only for the source metatheoretic direction; reject exposed English soundness.
completeness	पूर्णता	controlled	logic/metatheory	standard Hindi logical register plus the exact consequence-to-derivability definition	Use for the metatheoretic converse of soundness; distinguish from everyday सम्पूर्णता where necessary.
consistency	संगतता	controlled	logic/metatheory	standard Hindi logical register plus the no-contradiction definition	Use संगतता/असंगतता for syntactic consistency/inconsistency; keep distinct from संतुष्टनीयता.
introduction rule	प्रवेश-नियम	controlled	natural deduction	transparent native compound aligned with connective introduction	Use in reader prose while preserving invariant formal rule labels such as Intro.
elimination rule	निरसन-नियम	controlled	natural deduction	transparent native compound aligned with connective elimination	Use in reader prose while preserving invariant formal rule labels such as Elim.
discharge an assumption	मान्यता को मुक्त करना	controlled reader phrase	natural deduction	ordinary Hindi explanatory phrase fixed by the active-dependency definition	Prefer the transparent verb phrase to an opaque nominal coinage; preserve the generated source token in TeX.
undischarged assumption	अमुक्त मान्यता	controlled	natural deduction	transparent native prefix formation plus controlled मान्यता	Use for an assumption still active at the proof conclusion; reject अनडिस्चार्ज्ड.
proof by cases	स्थिति-भेद से प्रमाण	controlled reader phrase	proof methods/natural deduction	transparent Hindi account of separate disjunctive cases	Use for the natural-deduction method; reject केसों से प्रूफ.
conditional proof	आपादन-प्रमाण	controlled	proof methods/natural deduction	standard logical आपादन plus प्रमाण and the source antecedent-assumption explanation	Use for deriving a conditional by temporarily assuming its antecedent.
indirect proof	अप्रत्यक्ष प्रमाण	controlled	proof methods/natural deduction	standard Hindi logical phrase	Use for deriving a conclusion through contradiction from its negation.
proof-theoretic semantics	प्रमाण-सैद्धांतिक अर्थविज्ञान	controlled	philosophy of logic	transparent controlled compound from प्रमाण, सिद्धांत, and अर्थविज्ञान	Use where the source names the programme; reject exposed English phrase.
modus ponens	मोडस पोनेन्स	controlled indexed borrowing	proof theory/axiomatic derivation	established Latin-name borrowing supported by the adjacent complete rule explanation	Retain the conventional name and explain its sufficient-condition content; do not invent a competing opaque coinage.
many-sorted logic	बहु-वर्गीय तर्कशास्त्र	controlled	formal logic	transparent Hindi compound checked against chapter usage	Keep sort distinct from type; reject untranslated many-sorted logic.
sort	वर्ग	controlled	many-sorted logic	controlled chapter distinction	Use for a many-sorted domain category; reserve प्रकार for higher-order type.
second-order logic	द्वितीय-कोटि तर्कशास्त्र	controlled	formal logic	established native ordinal construction	Reject unadapted second-order logic.
higher-order logic	उच्चतर-कोटि तर्कशास्त्र	controlled	formal logic	transparent native ordinal construction	Use for higher-order and higher-type discussion; reject Hinglish.
type	प्रकार	controlled	higher-order logic	standard Hindi technical usage	Keep distinct from वर्ग meaning sort.
comprehension schema	परिग्रहण-योजना	controlled	second- and higher-order logic	controlled transparent compound grounded in the chapter explanation	Use for the schema that forms a relation or function from a condition; reject comprehension स्कीमा.
full semantics	पूर्ण अर्थविज्ञान	controlled	model theory	transparent controlled compound	Use when variables range over all objects/functions of the relevant kind.
weak semantics	दुर्बल अर्थविज्ञान	controlled	model theory	transparent controlled contrast with पूर्ण अर्थविज्ञान	Use for the restricted semantics; reject कमजोर semantics.
predicative	विधेयात्मक	controlled	foundations	controlled derivation from विधेय	Keep distinct from अविधेयात्मक.
impredicative	अविधेयात्मक	controlled	foundations	controlled negated derivation from विधेयात्मक	Use where a definition quantifies over a totality containing the defined object.
intuitionistic logic	अंतःप्रज्ञावादी तर्कशास्त्र	controlled	philosophy of logic	standard philosophical formation around अंतःप्रज्ञावाद	Reject exposed intuitionistic logic.
law of excluded middle	मध्यनिषेध नियम	controlled	intuitionistic logic	concise controlled logical term	Use with a first-use explanation of the formula; reject literal middle-exclusion calque.
double-negation translation	द्विनिषेध अनुवाद	controlled	intuitionistic logic	transparent logical compound	Use for the Gödel–Gentzen translation described in the chapter.
possible world	संभावित जगत	controlled	modal logic	standard transparent philosophical usage	Use जगत rather than world borrowing.
accessibility relation	अभिगम्यता-संबंध	controlled	Kripke semantics	transparent Hindi compound	Use for the relation between possible worlds; reject access relation.
forcing relation	बलन-संबंध	controlled	Kripke semantics	controlled mathematical formation	Use for the inductively extended satisfaction/forcing relation.
monotone assignment	क्रम-संरक्षी नियतन	controlled	Kripke semantics	meaning-based Hindi rendering	Prefer an explicit order-preserving description to monotone assignment borrowing.
modal logic	विधात्मक तर्कशास्त्र	controlled	formal and philosophical logic	standard Hindi philosophical formation	Use विधात्मक for modality; reject मोडल logic.
default logic	पूर्वकल्पना-आधारित तर्कशास्त्र	controlled	nonmonotonic reasoning	reader-oriented meaning-based rendering	Make the revisable-default mechanism explicit rather than borrowing default.
nonmonotonic logic	अ-एकदिशी तर्कशास्त्र	controlled	nonmonotonic reasoning	controlled meaning-based contrast with monotonic consequence	Use for logics in which conclusions may be withdrawn after new information.
deontic logic	कर्तव्यात्मक तर्कशास्त्र	controlled	philosophical logic	transparent derivation from कर्तव्य	Use for reasoning about duties and obligations; reject exposed deontic.
model theory	प्रतिरूप सिद्धांत	controlled	logic/model theory	standard Hindi mathematical register and frozen OLP chapter context	Keep प्रतिरूप distinct from the broader संरचना; reject मॉडल थ्योरी in reader prose.
reduct	न्यूनीकृत रूप	controlled	model theory	meaning-explicit Hindi rendering in the OLP definition	Use for the structure obtained by forgetting interpretations outside the smaller language; reject exposed reduct.
expansion	विस्तार	controlled	model theory	standard transparent mathematical usage	Use for adding symbols and their interpretations; context distinguishes it from a domain extension.
extension	विस्तार	controlled	model theory	standard transparent mathematical usage	Use for a superstructure containing a given substructure; context distinguishes it from signature expansion.
substructure	उपसंरचना	controlled	model theory	standard उप- compound built on controlled संरचना	Reject substructure borrowing and keep the shared-domain interpretation conditions explicit.
overspill	अतिप्रवाह	controlled	model theory/compactness	transparent established mathematical compound	Use for the compactness consequence from arbitrarily large finite models to an infinite model.
elementarily equivalent	प्राथमिकतः तुल्य	controlled	model theory	meaning-preserving formation around primary first-order equivalence	Keep distinct from समरूपी, which is strictly stronger.
isomorphism	समरूपता	controlled	algebra/model theory	standard Hindi mathematical term	Use for a bijection preserving constants, predicates, and functions.
isomorphic	समरूपी	controlled	algebra/model theory	standard adjectival form of समरूपता	Keep distinct from प्राथमिकतः तुल्य.
automorphism	स्वसमरूपता	controlled	algebra/model theory	standard स्व- compound	Use for an isomorphism from a structure to itself.
partial isomorphism	आंशिक समरूपता	controlled	model theory	transparent compound from controlled terms	Use for the finite partial maps satisfying the isomorphism conditions on their domains.
back-and-forth	आगे-पीछे	controlled	model theory	reader-accessible literal rendering of the paired extension property	Use आगे and पीछे as the two named clauses; reject untranslated Back/Forth headings.
quantifier rank	परिमाणक-कोटि	controlled	formal logic	transparent technical compound	Use for maximum quantifier nesting depth; keep कोटि distinct from order in first-order.
concatenation	संलग्नन	controlled	sequences/formal logic	standard mathematical formation	Use for appending an element to a finite sequence; reject कॉन्कैटनेशन.
dense linear order without endpoints	अंतबिंदु-रहित सघन रैखिक क्रम	controlled	order theory	composition of controlled Hindi order-theory terms	Use the full form at definition and in theorem statements.
range	परिसर	controlled	functions/model theory	standard Hindi function terminology alongside प्रांत for domain	Use for the image/range of a partial map; reject रेंज in reader prose.
arithmetic	अंकगणित	controlled	logic/number theory	CSTT and native Hindi mathematics usage	Use for the subject and for arithmetic theories; reject arithmetic borrowing.
standard model	मानक प्रतिरूप	controlled	model theory/arithmetic	controlled प्रतिरूप plus the established मानक contrast	Keep distinct from a merely intended interpretation and reject standard मॉडल.
non-standard model	अमानक प्रतिरूप	controlled	model theory/arithmetic	controlled contrast with मानक प्रतिरूप	Use the closed Hindi compound; reject non-standard मॉडल.
standard numeral	मानक संख्यांक	controlled	logic/arithmetic	standard Hindi mathematical formation for a numeral denoting a natural number	Keep संख्यांक distinct from the number itself.
standard number	मानक संख्या	controlled	model theory/arithmetic	transparent Hindi contrast used in the frozen chapter	Use for elements represented by standard numerals.
non-standard number	अमानक संख्या	controlled	model theory/arithmetic	transparent Hindi contrast used throughout the chapter	Reject non-standard number borrowing and do not conflate with an infinite cardinal.
Peano arithmetic	पियानो अंकगणित	controlled	logic/arithmetic	native Hindi rendering with the conventional name पियानो	Preserve the formal identifier PA; translate the reader-facing name.
computable model	संगणनीय प्रतिरूप	controlled	computability/model theory	composition of controlled संगणनीय and प्रतिरूप	Preserve formal presentations and machine notation; reject computable मॉडल.
computable	संगणनीय	controlled	computability theory	CSTT/native academic Hindi usage	Use for effective functions, relations, structures, and models; reject कम्प्यूटेबल.
decidable	निर्णेय	controlled	logic/computability	standard Hindi logical terminology	Use for relations or theories with an effective decision procedure.
primitive recursion	आदिम पुनरावर्तन	controlled	computability theory	standard compositional Hindi technical register	Retain primitive recursive in the English index; reject raw transliteration in prose.
block (non-standard arithmetic)	खंड	controlled	model theory/arithmetic	reader-transparent Hindi term matching the chapter's equivalence classes	Use only for the successor/predecessor block relation in an arithmetic model.
standard part	मानक भाग	controlled	model theory/arithmetic	transparent Hindi technical compound	Use for the substructure consisting of standard elements; do not confuse with standard part in nonstandard analysis without context.
cancellation law	निरसन नियम	controlled	algebra/arithmetic	standard Hindi algebraic terminology	Use for additive cancellation in the block argument; reject कैंसलेशन law.
Tennenbaum's theorem	टेनेनबाउम का प्रमेय	controlled	computability/model theory	conventional Devanagari transcription plus controlled प्रमेय	Preserve Tennenbaum in the English index and the formal theorem statement.
interpolation theorem	अंतर्वेशन प्रमेय	controlled	logic/model theory	meaning-transparent Hindi mathematical formation	Use for Craig's theorem and its applications; reject exposed interpolation borrowing in reader prose.
interpolant	अंतर्वेशक	controlled	logic/model theory	productive agent-noun formed from controlled अंतर्वेशन	Use for the sentence lying semantically between antecedent and consequent; keep its shared-vocabulary condition explicit.
separation (of theories or sentence sets)	पृथक्करण	controlled	logic/model theory	standard Hindi mathematical पृथक्करण plus the chapter's exact semantic definition	Use for a sentence entailed on one side whose negation is entailed on the other; do not conflate with the ZFC separation principle.
inseparable	अपृथक्करणीय	controlled	logic/model theory	productive negated formation from पृथक्करणीय	Use only under the chapter's no-separating-sentence definition; reject inseparable transliteration.
explicit definition	स्पष्ट परिभाषा	controlled	logic/definability	reader-transparent native phrase	Use when a formula in the base language directly defines the relation; indexed verbal form is स्पष्टतः परिभाषित करना.
implicit definition	अंतर्निहित परिभाषा	controlled	logic/definability	reader-transparent native phrase	Use when all expansions of a fixed reduct force the same predicate interpretation; indexed verbal form is अंतर्निहित रूप से परिभाषित करना.
joint consistency theorem	संयुक्त संगतता प्रमेय	controlled	logic/model theory	compositional Hindi rendering using controlled संगतता	Use for Robinson's theorem; retain the personal name only when reader-facing source gives it.
compactness	संहतता	controlled	logic/model theory	standard Hindi mathematical term used with the exact finite-subset/model-theoretic principle	Use संहतता for logical compactness; do not substitute ordinary संक्षिप्तता or compact transliteration.
abstract logic	अमूर्त तर्क	controlled	logic/model theory	transparent Hindi technical compound	Use for the general language-to-sentences-and-satisfaction pair; keep distinct from formal logic as a field.
normal logic	प्रसामान्य तर्क	controlled	logic/model theory	meaning-transparent technical formation	Use only for the exact property bundle defined in the Lindström chapter; reject सामान्य तर्क because it loses the contrast.
monotonicity	एकदिशता	controlled	logic/model theory	controlled mathematical formation	Use for language-extension monotonicity here; do not silently generalize it to unrelated numerical monotonicity.
expansion property	विस्तार गुण	controlled	logic/model theory	compositional Hindi technical register	Keep distinct from an expansion of a particular structure where context supplies the same noun.
renaming property	पुनर्नामकरण गुण	controlled	logic/model theory	reader-transparent native formation	Use for invariance under systematic symbol renaming.
Boolean property	बूलीय गुण	controlled	logic/model theory	conventional Devanagari technical adjective plus controlled गुण	Use for closure under Boolean connectives.
quantifier property	परिमाणक गुण	controlled	logic/model theory	standard Hindi logic term	Use for the property corresponding to quantification over an added constant.
relativization	सापेक्षीकरण	controlled	logic/model theory	standard compositional technical Hindi	Use for restricting an abstract-logic sentence to a definable substructure or domain.
at least as expressive	कम-से-कम उतना ही अभिव्यंजक	controlled	logic/model theory	meaning-preserving Hindi comparative phrase	Preserve the direction of the formal expressive-strength preorder.
downward Löwenheim–Skolem property	अवरोही लोवेनहाइम--स्कोलेम गुण	controlled	logic/model theory	controlled अवरोही plus conventional personal-name transcription	Retain frozen source spelling parenthetically at the first reader occurrence and preserve the direction distinction.
Lindström's theorem	लिंडस्ट्रॉम का प्रमेय	controlled	logic/model theory	conventional personal-name transcription plus controlled प्रमेय	Retain frozen source spelling parenthetically at the first reader occurrence.
characterization	अभिलक्षणन	controlled	logic/model theory	standard mathematical Hindi formation	Use for a theorem identifying an object by necessary and sufficient properties.
primitive recursive function	आदिम पुनरावर्ती फलन	controlled	computability theory	compositional Hindi technical register built from controlled आदिम पुनरावर्तन	Keep distinct from सामान्य पुनरावर्ती फलन and आंशिक पुनरावर्ती फलन; index the English headword.
primitive recursive relation	आदिम पुनरावर्ती संबंध	controlled	computability theory	controlled relation terminology extended compositionally	Use when the characteristic function is primitive recursive; do not substitute decidable without the stated equivalence.
computable function	संगणनीय फलन	controlled	computability theory	standard native Hindi STEM register	Use for effective computability in the chapter; retain formal machine-independent definitions and reject कम्प्यूटेबल in prose.
composition (of functions)	संयोजन	controlled	functions/computability	standard Hindi mathematical term	Preserve the formal order of outer and inner functions; do not use ordinary मिश्रण.
projection function	प्रक्षेपण फलन	controlled	functions/computability	standard Hindi mathematical प्रक्षेपण	Use for the coordinate-returning primitive recursive functions; retain formal symbols P_i^n.
arity	स्थान-संख्या	controlled	logic/functions	meaning-transparent Hindi technical compound	Use for the number of argument places; retain n-place notation and reject bare एरिटी in reader prose.
characteristic function	अभिलाक्षणिक फलन	controlled	logic/computability	standard mathematical formation from अभिलक्षण	Use for the 0/1-valued function representing a relation; keep the chapter's truth-value convention explicit.
bounded quantification	परिबद्ध परिमाणीकरण	controlled	logic/computability	standard परिमाणक family plus परिबद्ध	Use only where the quantified variable has an explicit numerical bound.
bounded minimization	परिबद्ध न्यूनीकरण	controlled	computability theory	standard mathematical न्यूनीकरण with explicit bound	Keep distinct from अपरिबद्ध खोज; preserve the fallback-to-bound convention where defined.
unbounded search	अपरिबद्ध खोज	controlled	computability theory	reader-transparent native phrase	Use for mu-search without an independently given bound; do not imply termination.
partial recursive function	आंशिक पुनरावर्ती फलन	controlled	computability theory	controlled आंशिक फलन plus पुनरावर्ती	Use for functions generated after adding unbounded search; keep undefinedness arrows and domains explicit.
course-of-values recursion	मान-क्रम पुनरावर्तन	controlled	computability theory	meaning-transparent rendering of dependence on the sequence of prior values	Use for recursion whose next value may inspect all earlier values, not merely the immediate predecessor.
normal form	प्रसामान्य रूप	controlled	logic/computability	textbook Hindi mathematical register	Use for Kleene's normal-form theorem and its T/U representation; keep distinct from ordinary सामान्य रूप.
halting problem	विराम समस्या	controlled	computability theory	widely intelligible native Hindi rendering	Retain “halting problem” parenthetically at first occurrence for discoverability; reject हाल्टिंग समस्या as the primary prose term.
general recursive function	सामान्य पुनरावर्ती फलन	controlled	computability theory	literal technical distinction used by the frozen chapter	Use for total partial-recursive functions; do not conflate सामान्य with informal ordinary/common.
computable set	संगणनीय समुच्चय	controlled	computability theory	composition of controlled संगणनीय and समुच्चय	Use when membership has an effective total decision procedure; keep distinct from संगणनीयतः परिगणनीय समुच्चय.
computably enumerable set	संगणनीयतः परिगणनीय समुच्चय	controlled	computability theory	meaning-preserving Hindi adverbial formation around controlled संगणनीय and परिगणनीय	Use as the primary modern term; retain recursively enumerable as an indexed historical synonym, not as a silent conceptual replacement.
recursively enumerable set	पुनरावर्ततः परिगणनीय समुच्चय	controlled	computability theory	historical synonym rendered compositionally	Use only when the source explicitly invokes the historical name; map the mathematical extension to संगणनीयतः परिगणनीय समुच्चय.
semi-decidable	अर्ध-निर्णेय	controlled	logic/computability	standard compositional contrast with controlled निर्णेय	Use for positive-instance recognition that may diverge on negative instances; reject raw semi-decidable borrowing.
enumeration	परिगणन	controlled	computability theory	standard Hindi mathematical derivation from परिगणित	Use for an effective listing, while keeping परिसर for the resulting range.
reducibility	अपचयनीयता	controlled	computability theory	technical formation from अपचयन	Use for effective problem-to-problem reduction relations; preserve the direction of every reduction.
many-one reduction	अनेक-एक अपचयन	controlled	computability theory	meaning-transparent Hindi rendering of the mapping cardinality	Preserve the formal symbol \le_m and use अनेक-एक अपचयनीयता for the relation name.
one-one reducible	एक-एक अपचयनीय	controlled	computability theory	parallel controlled formation to अनेक-एक	Use only for injective effective reductions; do not collapse it into ordinary many-one reducibility.
Turing reducibility	ट्यूरिंग अपचयनीयता	controlled	computability theory	conventional personal-name transcription plus controlled अपचयनीयता	Use for oracle-relative computation; preserve \le_T and keep distinct from अनेक-एक अपचयनीयता.
complete computably enumerable set	पूर्ण संगणनीयतः परिगणनीय समुच्चय	controlled	computability theory	controlled पूर्ण plus the full class name	Use only with the stated reduction notion and class; do not let पूर्ण imply decidable.
fixed-point theorem	नियत-बिंदु प्रमेय	controlled	computability theory	standard Hindi mathematical term for fixed point	Use for the recursion/fixed-point theorem on program indices; retain formal index equations exactly.
index set	सूचकांक समुच्चय	controlled	computability theory	standard technical composition of सूचकांक and समुच्चय	Use for sets invariant under equality of the indexed partial function, not for arbitrary sets of numerals.
diagonalization	विकर्णीकरण	controlled	logic/computability	standard mathematical Hindi derivation from विकर्ण	Use for self-application and diagonal arguments; preserve the exact formal diagonal map.
oracle	दैवज्ञ	controlled	computability theory	native Hindi technical metaphor matching query-answer access	Use दैवज्ञ for an oracle set or oracle mechanism; retain formal superscripts and query syntax.
greatest common divisor	महत्तम समापवर्तक	controlled	number theory/computability	standard Hindi school and university mathematics term	Use the conventional abbreviation gcd only in formal code or notation.
arithmetical hierarchy	अंकगणितीय पदानुक्रम	controlled	logic/computability	standard compositional Hindi technical register	Use for the definability/complexity hierarchy; preserve formal Sigma/Pi level notation.
self-reference	स्व-संदर्भ	controlled	logic/computability	transparent native Hindi compound	Use for programs or definitions referring to their own indices; reject self-reference borrowing in reader prose.
Turing machine	ट्यूरिंग मशीन	controlled	logic/computer science	conventional personal-name transcription plus native मशीन	Use the established Hindi name; reject untranslated Turing machine or Hinglish prose.
tape	पट्टी	controlled	Turing machines	reader-transparent native Hindi	Use पट्टी for the machine medium; do not use English टेप as primary prose.
tape alphabet	पट्टी-वर्णमाला	controlled	Turing machines	controlled पट्टी plus standard वर्णमाला	Preserve formal symbol Sigma.
read-write head	पठन-लेखन शीर्ष	controlled	Turing machines	meaning-transparent technical compound	Keep both reading and writing functions explicit; reject हेड.
state	अवस्था	controlled	logic/computation	standard Hindi technical term	Preserve formal q-indices.
state diagram	अवस्था आरेख	controlled	Turing machines	standard आरेख terminology	Keep arrows and edge labels formally invariant.
configuration	विन्यास	controlled	Turing machines	standard mathematical/computational Hindi	Use for the complete tape-head-state triple, not merely the state.
transition function	संक्रमण फलन	controlled	logic/computation	standard Hindi mathematical terminology	Preserve delta and all tuples exactly.
instruction set	निर्देश-समुच्चय	controlled	Turing machines	meaning-transparent native compound	Keep distinct from the transition function presentation.
Turing-machine input	आगत	controlled	Turing machines	standard formal Hindi in machine descriptions	Domain-specific choice alongside the existing general input term निवेश; reject इनपुट as primary reader prose.
Turing-machine output	निर्गत	controlled	Turing machines	standard formal Hindi in machine descriptions	Domain-specific choice alongside the existing general output term निर्गम; reject आउटपुट as primary reader prose.
end marker	अंत-चिह्नक	controlled	Turing machines	meaning-transparent native formation	Preserve the formal end-marker token.
halting state	विराम-अवस्था	controlled	Turing machines	controlled विराम plus अवस्था	Keep designated-state and undefined-transition conventions distinct.
disciplined Turing machine	अनुशासित ट्यूरिंग मशीन	controlled	Turing machines	literal technical contrast used by the chapter	Use only for the chapter's four explicit discipline conditions.
unary representation	एकाधारी निरूपण	controlled	number representation/computation	standard mathematical Hindi	Preserve stroke and separator symbols.
doubler machine	द्विगुणक मशीन	controlled	Turing machines	meaning-transparent native derivation	Use for the machine that duplicates unary input, not ordinary scalar multiplication prose.
nondeterministic	अनियतात्मक	controlled	logic/computation	standard native technical formation	Reject नॉन-डिटरमिनिस्टिक in primary prose.
Church--Turing thesis	चर्च--ट्यूरिंग अभिधारणा	controlled	computability theory	conventional names plus controlled अभिधारणा	Keep it explicitly distinct from a formally proved theorem.
undecidability	अनिर्णेयता	controlled	logic/computability	standard derivation from निर्णेय	Use for the property or chapter topic; keep असमाधेयता for unsolvability of a problem rather than collapsing the distinction.
decision problem	निर्णय समस्या	controlled	logic/computability	standard transparent technical phrase	Use for Entscheidungsproblem in its historical and first-order-logic sense; reject डिसीजन प्रॉब्लम in primary prose.
halting function	विराम फलन	controlled	computability theory	controlled विराम plus फलन	Keep the 0/1 function distinct from a machine execution that halts.
universal Turing machine	सार्वत्रिक ट्यूरिंग मशीन	controlled	computability theory	standard सार्वत्रिक plus established machine name	Use for a machine that simulates encoded machines; reject यूनिवर्सल as primary prose.
simulation	अनुकरण	controlled	computation	reader-transparent native Hindi	Use for one machine reproducing another machine's computation; do not say that one machine computes another machine.
finite model	परिमित प्रतिरूप	controlled	model theory	standard compositional Hindi	Use प्रतिरूप for model throughout; reject finite model borrowing in reader prose.
finite satisfiability	परिमित संतुष्टनीयता	controlled	logic/model theory	controlled परिमित plus संतुष्टनीयता	Use for existence of a finite model, not ordinary satisfiability without the finite restriction.
Trakhtenbrot's theorem	ट्राख्टेनब्रॉट का प्रमेय	controlled	logic/model theory	conventional Devanagari name transcription plus प्रमेय	Keep the personal name indexed in English; preserve the theorem's finite-model scope.
