relative_path,source_bytes,source_sha256,target_bytes,target_sha256,qa_state
first-order-logic/axiomatic-deduction/axiomatic-deduction.tex,1273,BA510C171A8D19895307B36B2B06D3F64970BC5D926CFAD52412DA2A0727DB20,1781,3569B2243F240C103107B27196F558A9F589E72B43F99762FB2ECB998675E265,accepted
first-order-logic/axiomatic-deduction/axioms-rules-propositional.tex,1512,8D19F7612EDBB87DB30F052B75E8208638A5C68570EF05FAF6332111FBBC69FE,1894,69CB8D708FFECBF68C2FD92E43B1672BD32CCC40DDA911464CB3849B2358E679,accepted
first-order-logic/axiomatic-deduction/axioms-rules-quantifiers.tex,1007,E860523EC9605B17FB155FCCBB22E644837C26DE84AB11439422AF805A26E2B3,1581,5192BFA96CB733A7835ACAE505123224B1067716C93ACB1B5EE1382839F7638A,accepted
first-order-logic/axiomatic-deduction/deduction-theorem-quantifiers.tex,2234,0DA5DFE61F218D9EF0820E07F1E6C0D71EF4E912D010E83E7484690BDD9AF1E7,3322,5DA9B225F68A6379CEEA9FF51818B6D6D6E2D942A52831120687A39AB2653B09,accepted
first-order-logic/axiomatic-deduction/deduction-theorem.tex,4859,F74129E7541A9452530EBC0AB630C8763CD0D4177532BAF43CD249C635642CD4,7295,948F828238F4AC512E42826DB78381AD31260FABE80D7A03E125F1AADA04AB5D,accepted
first-order-logic/axiomatic-deduction/identity.tex,1355,424D98F16806276DEEB9CC0C5E0D1F70D25DD2026F0FE25F03D65D1CDE1D69E1,1824,03D63D578BB7E4DAF9168ED6B09BFFAA9710A6BD9C9494573AC9653F54713D6D,accepted
first-order-logic/axiomatic-deduction/proof-theoretic-notions.tex,4402,D5CD7EF578090B935AF9013BA65F020EA8C043B95EC17ED9A758A01129BBF859,6796,87C2ECE55DD1F88B70FFDC59E5F3129B4B7373A1DCF79ABB7BBE47DBD10E798E,accepted
first-order-logic/axiomatic-deduction/provability-consistency.tex,2979,069B652FA3CF1C8E7719AE95D355398B866C9ECF42FF747B755DDBF5FD3B6EEF,3829,E2A76F69A1EA85158AE5DCBB2FE02796FE4A43750B5324BACB7FA004C1AADB33,accepted
first-order-logic/axiomatic-deduction/provability-propositional.tex,2716,4DD07507288E361D9D65DCBB7C3DE67F4E3C83E9853B6D9032DCC9CBA3CEF187,3464,C53CD3C635611974B89EFEE919732A74083728DA886296C47BE8F8AADBF2A31A,accepted
first-order-logic/axiomatic-deduction/provability-quantifiers.tex,1499,A0C03C490E2874B9946B5FF3942C8A4BA73696D13CCA2B30E84A19D17DFB3066,1897,9EEBD89DEB8AF29A17A7B1C61758EA59522E2ECEF0CC24EF323C584A7EE07736,accepted
first-order-logic/axiomatic-deduction/provability.tex,12102,CE39569C807BDBE83A1D43638F94AF123C5551E2C01487E7B38EF4C373D89022,16197,4C17C6D19123516C374C3229F0689E91519D0617AB28BAFE9CF6406FF3769941,accepted
first-order-logic/axiomatic-deduction/proving-things-quant.tex,1527,AFB6D653DAA62D083E07FF556FDDE130783B2643FDD23270E1AE0E1EC0140767,1914,EC26ED893BCF54ABC472AF952E19FEB04E6415099E3AA3564B920567E52CAE20,accepted
first-order-logic/axiomatic-deduction/proving-things.tex,5603,AC5DC1913EB14BC8D0BA0ADB9D45D08B0882F02C4D7F152B654FC153F61FB1A7,8345,A7EF167348D881668FCE89E40000F42E6809524EF9A194BE84B6FED030649504,accepted
first-order-logic/axiomatic-deduction/rules-and-proofs.tex,3668,C630189AF9DB5F45A849E5D1B6362895BF575DD6D2236A169EB5E0FDBA9ED439,6417,7C5A8BD73F9E0FF2CF6FF3E6B4A8E7C16B07456560818645BDD50D80CC747977,accepted
first-order-logic/axiomatic-deduction/soundness.tex,5850,A3A783AE2ADD6B2420527AD65C82EB6A5E0C02AC8A44E3B34B757BC27985C1CF,9328,F91C219F330A464CDBCB5C55E3EFFA71AFC9E42EF10F59FD39D01A19A9B35D94,accepted
first-order-logic/completeness/compactness-direct.tex,5558,E6398FCC96AC7A2E787C5128D1B2DBF8F515DBD0E780004831ABCFD0C3F327D8,9187,C860FCE90711F335EDBC10CF1CDD30F4435E923019A9537C7F669AD956083887,accepted
first-order-logic/completeness/compactness.tex,9051,A872B7018576B26EB53179792E27B5B0AF3338B5220712086E1BE7D928B3D65C,16283,ADA0787163CB583B67C8AF16609D6C89C13B0F5724212D16FE8497FBD538FAAD,accepted
first-order-logic/completeness/complete-consistent-sets.tex,9125,CF7D517DE5D2D257492C66F2CF16347FCE490F2D932681A3F6EBD2386E9B1FFD,12316,4D77FF2D95ADFADADFF1586D664CAF092DAA7F62C59E8E773E0C242C6ED4B975,accepted
first-order-logic/completeness/completeness-thm.tex,4768,5510644C6A3FF18E97D5E97A928D00CB0B091506E8C10BAFA504C1B2C38B242B,7618,F2D1159CB987D0CC4FED01341346076576A46F538EFD62DBD7C0AFED003E9BD1,accepted
first-order-logic/completeness/completeness.tex,695,35CBCFC7F12046CEABC5C4407C43817D71D3907E9E9D57A1B5928FCBE10C672C,724,028FDA966CECE20F285545635E2F41C3B89CF0FD364F7EBED9552FDB9FBE6262,accepted
first-order-logic/completeness/construction-of-model.tex,11290,E8F3C25A2B378AC1996CC9CEBB1192B2BDC2527DF547E922008DAD3822D29969,16965,7E28139337F3AE2C3AF741B085AB4A9F423B29E38D0D8D38464B74E16C05858C,accepted
first-order-logic/completeness/downward-ls.tex,2658,6F442281E52DD720ACDD540039544C4E8B998906154AA5C4CF7F5DA0D9500C48,5140,AEFEB152E7F68829B98086438DE47939416CE58CF45A85FBA3E2B2CF0FEF81A3,accepted
first-order-logic/completeness/henkin-expansions.tex,8969,A42F0551E062DB3102C47F082BE24CD4F8506504989A0008DF4B87564E1F9335,13339,76FA1CBB406994B7FB59765D8C5BFFB1326CBB0A225C5EA5A26F1AF55F61EE91,accepted
first-order-logic/completeness/identity.tex,8036,2B497EAD07AAD76F2DB101BD56768ABD9BC71DF7C819164EDF0183656D148E7D,11648,399A7F3B681EEC3B53C09CC3AB8ED67AE7B6B83B973AD5B6CC6E17BE7B583D31,accepted
first-order-logic/completeness/introduction.tex,3774,40A994A78343DCCB102C8347722A6EB85FD3A12DD4C6565A37960F7B24673500,7676,F680FD8E87A61B3FFB444B668EA7E8F852CFFC7D8CBFD733706A741B1AD20941,accepted
first-order-logic/completeness/lindenbaums-lemma.tex,4286,1EE3D9DD14DF1C3368C3E7A12D68E4D6627B9E92030A00820270B75CEB4BDF78,6694,48C73D81EDD3D9921256DCD2C372CD18A8AE44B3DBF3AA2D7AC6FC4B12B1EC71,accepted
first-order-logic/completeness/maximally-consistent-sets.tex,7179,C369885C6575D5106D042C4DA0ECA79B3BECE0E49DCAF1E165D27691343CA82C,10590,077698482604179B2EF422A9DCEEB264702F54F21156498916C30E71EBB2F5A5,accepted
first-order-logic/completeness/outline.tex,9532,E86BB4893FF5DA65AF4FA5B8B7EEBEC5807E0B4AA0562CA5388FAC369AEC642E,18061,3E8FF8E84422358D247AC38C9EC73123732DF82BDD47883EF5CA029B7843F6C2,accepted
first-order-logic/introduction/first-order-logic.tex,4773,32887943E2083DE8AE7402CED896B1E5C85BEEE1C52DF199A5DCE311CDC91627,10128,F07BC098C0D7996E7C57F93624ED1F8937368B1C4911A8BC501E39C909035695,accepted
first-order-logic/introduction/formulas.tex,4365,43B36E58C2CF5BD1C22018EB0A758D0ED31AB304DC1B3D5532358F6E9703A7C1,7847,80DB1DF57F41FF0B58116CD5E6F22ACD153A81C8C469FA2C18CCB6AD4DBE6025,accepted
first-order-logic/introduction/introduction.tex,487,3DA46F27A563094A0904EACF23838C601CE3A22B0DB9D82CFE33D95D8A507B95,517,6401AD014879DD984F041117389AC135D1E3910178AE05209106390500985D3C,accepted
first-order-logic/introduction/models-theories.tex,3830,9207639415C1946C70EAD4464CEFAEC9ED2972F35121E88272980B6C9A076CA8,8113,A1E1AA51591D264F6E2C72A8E564CB5E6119F96DDB0DDF14DAA9A27A501C0E56,accepted
first-order-logic/introduction/satisfaction.tex,6008,7131C06390C685FF0AF79611754CF0B98A22DD8A77256A332C84BF39E2F5CC0A,10856,A4679C449A7C982C3600A0F1DE401339EFDE3D88F5DCF57AF192648C64E4802A,accepted
first-order-logic/introduction/semantic-notions.tex,2402,5B59AB9C84AAD202080A9A834229B1310BA7FB18CBC6891024C072723B9FBADD,4954,015429B0B31718D40A32E18739E877281BB6566376F03F6C0CB776E36058AABB,accepted
first-order-logic/introduction/sentences.tex,2790,E02B1D562648CE99867D653622B5C8BCB4CD4EEB9E02D335FA59715E193B3CC9,5298,1F9C3A2328656F12D2B58C226E0A685555573212315A1F6C344433B045734785,accepted
first-order-logic/introduction/soundness-completeness.tex,3544,49F9A2FB437D680D3E796D72B46D1BC1C5A60C58E3E13AC2E19E6BAC6976336E,7686,158FAD474AC7109A1262BD64AF9E27E9C5260E900C3DDD8EEA0E90BA844471C2,accepted
first-order-logic/introduction/substitution.tex,2335,D1E27E94B43FDA8329176530BFA9528C859D444123257A7408D5A979151B8941,4675,383E4D55EA82B03200776813B1707F5425D8EB827892BF8B14290BE708BB2AE1,accepted
first-order-logic/introduction/syntax.tex,2894,91D8AAEA25B2D821AF6AA8016F994B2E0ABBF5CD2DEBDEF7354409FA8CE767D8,5726,91938A955658E2B92C02132A318E4F3EF70BED87DCB9E4A81F3478270D961F9A,accepted
first-order-logic/natural-deduction/derivations.tex,3825,04CDBAA301A71243B78D880551CE2F8EDBF6F059764ECEACD5B8910F0459CB26,5459,1DED3B7A39245AE192AED346AE53B7047225722B18FFB5F84595DAE89B82F00A,accepted
first-order-logic/natural-deduction/identity.tex,3953,D5DF1D1BB3818A275E2439A584A3851036870182AFDE592FA6E8F80B55C00ADD,5208,CEFA1BB5FFCBD29DD3FD25E30748C4CBF9D8673E05518F6E06DD1C25FCD5A4DE,accepted
first-order-logic/natural-deduction/natural-deduction.tex,1032,8FA1E5A3E1211CE9C55E0FF66ACBB8D5A6A9AF360529D7775587A626FBE49B8E,1423,6D8CA912C7CD720B7107A9FB6E13898D02D015389A631F5CBFDE7561525C074F,accepted
first-order-logic/natural-deduction/proof-theoretic-notions.tex,5198,7E05743251DD0C5071685193A98C28BAEA1C77B06836F11E3F3E3AA6A6BD9198,8296,954F80BFFEC7D46119DDDFC70AE5C6A9A202FAE9EF08E3F49CF68F496E3AF460,accepted
first-order-logic/natural-deduction/propositional-rules.tex,2506,C22D2603CC9C4A79D630A4BC00B817C57C07B000E5D4BC443815E13B4F4CB515,3096,393971C4F1B9089D5C04B33F54A93780E60573ADC9AE8958DA90F060D1A09AC9,accepted
first-order-logic/natural-deduction/provability-consistency.tex,4037,9D967013E14C7F911BF612DDAB65B22A2E5F8D90F182926741C0BF7CAB5076BC,5217,301DCEF36676E3FCA16D6DE94E3875EF824EE06A889FE5EC73954A46967FBB78,accepted
first-order-logic/natural-deduction/provability-propositional.tex,3950,7BE41CBF7877F1B7163F3CC9AD98867B4CF793B69F4A98E5734F731E3E802016,4790,6BA8E4D8101F497B0024D1FFFCE043129390303AEE916C7BB261EDC5D37B6C6A,accepted
first-order-logic/natural-deduction/provability-quantifiers.tex,1796,C4A24BB64B2D02C75FCF5DCEBE13D48C4684AFD8F210DA029CEEFCB450990BF1,2265,F670252C0B7601A2F46594004E122CEAFCC82CE5B1ADA94C7CC676B73CAEDD8B,accepted
first-order-logic/natural-deduction/proving-things-quant.tex,9803,6F49B930A86F60A1CCA318D70259378F7BC6B5EBB76F307665C4EB4363E8235F,14350,0321198AB457C1A8A89E5669FEB270B5D740A411A3AABEE9B0468AB61327DC41,accepted
first-order-logic/natural-deduction/proving-things.tex,11372,FF58B86389A21DBC6F240F49E62D5FCA0BDB4D3BA54E0D364792CDCDDD34724F,15592,5DEAC8C818ABF348A4EB2E6D5C39D19D275A45D700F1B55B9672FC661D71C917,accepted
first-order-logic/natural-deduction/quantifier-rules.tex,4112,5D9C3A507FE1B79E4D376963B5E3EFCA4A3352CC7CEF7D18255C61E60592F71B,6452,691871DE375F345E1F04F18D36CDF4E2651B9EF93197FDEACC943B0C880B0471,accepted
first-order-logic/natural-deduction/rules-and-proofs.tex,2113,0556326EEFD6FBB957243D9F94969FD23ADEFB4AF69F80419D4A2818D53088F0,3952,93D98293EB753DBA9ADD24E9723D784A996E51E724AF5D642B3EF2585C58FF26,accepted
first-order-logic/natural-deduction/soundness-identity.tex,1653,2544F37FA6D7A3D81B12C7E7309E1416680DF9EE0D8D4E033084299370DA0BC8,2510,992E3079A29B614F1D932858366601A48EE2E86CA5126471844798A2A2533D51,accepted
first-order-logic/natural-deduction/soundness.tex,13330,E470B5E3A94DD4445DCEDC0BBB2D4BB9C5520A3F79EA754F37E4AE1501376E35,21465,8D223396B168C1E7E082B5688928DD0E5EE4AD1E360B006B757AAE25A235FBB2,accepted
first-order-logic/proof-systems/axiomatic-deduction.tex,4020,0269390EFEB94A0522020CE00D45F1D1E752E4A32DB564B7519D7A939FA13034,6059,A2F5FC29CCDEDE430392727724E17F0F6A37D8943A19014F007025895E449623,accepted
first-order-logic/proof-systems/introduction.tex,5304,5172343625A0D66971257858A1A6E359805FFEEC979BD5AFDC0377864799A756,11129,8785D5234042565D2F7076D17D540C1AE4FC6B36F786D7520083AAA7EB2C70B3,accepted
first-order-logic/proof-systems/natural-deduction.tex,4624,C203DAA5161EED34188E9FB9022B83BE4F0201904F31CEF386C5B838FB9E7D49,9857,203D9C601C422F62DDD4D110CF0472B5D184E018A80D6BC7E9EA20C2CCD343C6,accepted
first-order-logic/proof-systems/proof-systems.tex,735,85B8A0FCA16C329AD16B3C17975735C159E0CF9D38E8DFC7501ACBA84171FB6C,1069,2F1DF12C4F3B89599A546AC67F93DE823B5D79F937934834E12793516F513598,accepted
first-order-logic/proof-systems/sequent-calculus.tex,2986,9A847C7BD45AFE0D177230807FB2BA9DDA820B4C0551A9274002DB8776182003,5556,3C397F15DA4E8459B4D39B2A05E3138DE67C1B10E7B2FBE09BD459F099985FC8,accepted
first-order-logic/proof-systems/tableaux.tex,4003,6ABF691F97C618DD41BC0C30A21DCF74FA7025228AA378CFD9F0369A898C2966,6933,856D811F736EF68E0C2F4F8B0A4F870B63E8F367423C5945637ED04558D3E4F0,accepted
first-order-logic/sequent-calculus/derivations.tex,4360,0D47D6984B609F00EDFEC9ACC49C85D33AC001609F10E5E501CBD96F3A5F63DD,6213,AC7977EFD2D62892CB7AE54DD8D166FD672B8977AB61429C67C6B7A7849F10CE,accepted
first-order-logic/sequent-calculus/identity.tex,2457,F9ABED3C3D8C2079B2BE27FDCB551C8F1987D1B4DB18ECE56D4C9E1A7B066856,3043,7E61BC062F66B5FF6EC2E601A1CEEB34628065E2DB1B90663DE6812BD33901CB,accepted
first-order-logic/sequent-calculus/proof-theoretic-notions.tex,6084,AEA2DD5D73394A3CD97B72ADA3E7D21AAC0113CC4D995B54196A5506B1FA5A81,9761,2F5E645C483267A170A145A0FD2300799D8429F02BB1EB9BAAF7A83AE7B68805,accepted
first-order-logic/sequent-calculus/propositional-rules.tex,2104,2A030E59A3A3156F61FF949E10A8A1470A0BE80A419851FC56821AA458092ADE,2182,0F0891324E22D62002CB211AA961BE5C2EA961FBF29C3B44DFE48805827C68C5,accepted
first-order-logic/sequent-calculus/provability-consistency.tex,4129,3E784D39F38D393203A7623B34E8FCAD64E3299C102EE2EF96A812B5E6C8C229,5505,58F13ADE0931295D6452C0B04DB86EE274B40759F93189A7F034B86689AE2AD7,accepted
first-order-logic/sequent-calculus/provability-propositional.tex,4649,13DD017159225B5FC9BCAA38C927FDA407264D59C1305EBFD49329A85F5B9FA8,5429,F57B6A25B29D479C7D3C36FFFCD6645370FA7C2984FDB609DE4D1B815F76EAE0,accepted
first-order-logic/sequent-calculus/provability-quantifiers.tex,1841,EB63F32C87BBDBEF776A65A4C1DA758FD5671E47E3C4171F224D3214B31AA48F,2426,9A2E033A9DEF01842BF61FA1F158A1C682AE84D7FA62B0DB089D480451FADC59,accepted
first-order-logic/sequent-calculus/proving-things-quant.tex,4612,9C249F76AA00DDC5B64B68179B052D7DF7E7FFA69BE413DE20796D98BD80389D,6570,CB8494BEE8D3FE226E24EAB499F01EDD29426B5AD6855F4273D211C5CA7CBE16,accepted
first-order-logic/sequent-calculus/proving-things.tex,12749,73FA9C16DCBD072AC535C251FA02FC78640B82381D57162817043A6AD578B18E,17726,4B14EB6F562BC32AABE7F943232F7B3E951F8B8308D064DFC87FACDCE4DC74C8,accepted
first-order-logic/sequent-calculus/quantifier-rules.tex,3956,254ABC98503C7370E046C43F8FEC7CF7B5E9909BE2959B0F1C513BB278D85B78,5557,2C13074C80EF4B965D806821460A661B8ABB768FFFC73D8D98B392FCD07EE7E1,accepted
first-order-logic/sequent-calculus/rules-and-proofs.tex,2884,A598B850CB425035D0C7A01B88BB491502C840FC76C2BD3DBE7E2DDA5487D706,4766,ABC0330ACFBEC285E9D2E82957F9707DBDD32FFD6228DF5E5DC44890E7E3C219,accepted
first-order-logic/sequent-calculus/sequent-calculus.tex,1130,8CBB6DF83670A2586D10EF405C78ED4F75102F8D63903EEF93E7AC2B8EA3B603,1577,0B802FEB9AE24CCCC635DFEBBFAA30DDA055BD1178643F6C52306D4ACF0CBC8F,accepted
first-order-logic/sequent-calculus/soundness-identity.tex,1807,DA0C929628DC2C252D9D48D2FFF02439E26C7A984DB958943AA6CD55BB4FFEB5,2779,7595D85B5A46CE8270A3B192DB02DE6E9CF959CBBE84F67AE2D1AD905FB7ED9C,accepted
first-order-logic/sequent-calculus/soundness.tex,18047,D9F6180BEE35F29553144B6ECA5A1EB1916E0262DCDC8C30F50193A53D8001FA,28010,EE0ED8FA0891E479CA73FA01DE6C0C7B19FAC81C10D0FA72EAFB6164A89C3367,accepted
first-order-logic/sequent-calculus/structural-rules.tex,2237,EA1CA77ECA03EC566CC900B2399E95002B4CFC07EB3549A3F19DA9EE23A09793,2968,F182B68CFCDB33C03B7986D1DF957F524A9858A18E91C0772FAE8ECA1EA081E3,accepted
first-order-logic/syntax-and-semantics/first-order-languages.tex,6879,582EA4B3B243FE2EE4EB627630172F77F014D4F7D7C93CD13FDB2BB70844C447,11817,C19806027B33FCCFCF979B5B27C44E0506905CDD9F5F49219662B13297C70E48,accepted
first-order-logic/syntax-and-semantics/formation-sequences.tex,10352,DC1735BB077F5086C6FD6E2F968591415A9CBA90B65BC0A3D412742CC62BC6FF,16996,C00B4684B434F287B0DDD0ADC9BE53903AD3D3F1A88DCC78C0FFAB6391FA2B2F,accepted
first-order-logic/syntax-and-semantics/free-vars-sentences.tex,3835,EA6BEA6E587867742143E68DD69A2674FC1544FFAAE27236BA1F517FE516BF1F,6079,A4D2221C05E472DB7CFF4C9F129D5D3D947FE5232960642F5D09CEC1A188D8D4,accepted
first-order-logic/syntax-and-semantics/intro-syntax.tex,1473,BA7DCCE5F1E3340374FF693A1C22C5BF4CCB0C2709CD8C6D50474D4982F7CDFC,3031,061598F90601311EE7754E42778554C8D9028D5A8BB979DC5638B45B2DA92214,accepted
first-order-logic/syntax-and-semantics/main-operator.tex,3728,1BC4CC76CC670FDB1069CA53312D13DFCF2EA8444ADBB3D9EF4B8D31A5DA41FC,5842,C977427B566364E0954DCDF1FFEF759A19CF8FA3AAE32105F0509784765064DE,accepted
first-order-logic/syntax-and-semantics/subformulas.tex,4078,4C43825E4C236E55D25092FF1F5B68ED38A3F1E9AE8ED12FC2E14F3A03FC6C77,6707,428129187BF8BA4F6982FD9B7B6F5699AB6BD38AFCEBC73E69415AF1541E1805,accepted
first-order-logic/syntax-and-semantics/substitution.tex,4835,19393C28F5F036DA9C43CE10BFB5F1B2F330DCA8CB2AD950D98EAB5B1B7E83B2,7287,E056FA0AAE93DB70B927CE3B8F317337C092E6326BB5E63B0E42C92FEFCF8B65,accepted
first-order-logic/syntax-and-semantics/syntax.tex,497,75C0E56B3D2F9557E39B9006855F371E6C8F04E8EF9817AFFD70A793613930AB,554,25C7489ED5BFAD23F52F709B1C4323188CB2FEBAB5EDE2E5B870558413F0E003,accepted
first-order-logic/syntax-and-semantics/terms-formulas.tex,9146,0B607CE2324CA66B23B164684F4F35B127107B903BBBD567EB25E94C2CE70210,15278,B37D614779FCA621F84BE98B8913C38A267E5C3DF95260013ECC74B73D9F6C69,accepted
first-order-logic/syntax-and-semantics/unique-readability.tex,7867,F2AD2961312808EF6C8DEDC884C9F8E00A2BE9EF993CFB7BE748A9D253D84E66,13083,F2451E82390C2E91CECE7B8E43B9BB1379D652DFE2A2B5E869B483ED2B57B1B4,accepted
first-order-logic/tableaux/derivations.tex,3883,3F3E041127342C4F2565632D33C855FCB7A87964D63BEB38BD8313C8A71AD294,6063,C6E176A7848C85A4BE1FFF49F9CC7CB5E5F373D2D2F0F9D0C8104ADAA26AA6F8,accepted
first-order-logic/tableaux/identity.tex,3501,B40DF45226792D6995A13AFBC4341601207236B40CDB11920E9D48D0C81B2088,4526,F4EB9C621EDC30A812F7434AB4CBEE2BDF8E5FE8785A32A8A7BFB0C883F484A8,accepted
first-order-logic/tableaux/proof-theoretic-notions.tex,5711,BAD25C1BA9DB9DE17F7C2FF5FFFA2C4F9F00AA13D23C197E5337FE759D6FDD39,8920,552AB629EDB7AFB686DC2E79F2D1520DC67418FA1E015FB1079241F7481AFF88,accepted
first-order-logic/tableaux/propositional-rules.tex,2339,0E0A8D69DDABB157D54F03E7FF21416FB0C818E481343F4AC00EE4BA1D5BF151,2887,B404C3F3FE8A8C2B54FF906769D57075F681890A9AC4299B939D6F311F0252A2,accepted
first-order-logic/tableaux/provability-consistency.tex,6270,6D159D1C93F6B4BB24CF3D16E7F18096E15881679EF5F64DB5B25CEE57CCCDEF,9398,8F154048B0EDAF0C58256A019252E07F8E7D63EFF7602BDEB203A725E117E295,accepted
first-order-logic/tableaux/provability-propositional.tex,6473,5DF9F0CF1B10689BABB2051DAAD6426E2ABEE00E55001F14A896D1A37AE30446,7166,0E5B49C2828EE380148D28100546E16CEDC8EC32CEE0A54FA49706ADD5814E74,accepted
first-order-logic/tableaux/provability-quantifiers.tex,3148,E12B4C0AFF44DE0E26D0A5C1E9B7EC2A781BE5677035CB2C79CAD3A7487C32E3,3975,6937DF5426DDF0FE3289E43D74A2E35A06EB85CA62728DF347A926C1CB7FB299,accepted
first-order-logic/tableaux/proving-things-quant.tex,13575,72370C12BEE0766FB0E674EBAE09EC7940F611FF7F9592284DADFE21516B4032,16790,C0089E64DE1E9A50C651CE43E13D5D1928F284B3C7B2E979709BBDA065E1575D,accepted
first-order-logic/tableaux/proving-things.tex,18685,BA6A2D3C2F7C7504DAA17942290C75084BBFAB92663A492557CA6530A175D914,22584,F53D82C092A4AFEFE6C6F8794AA95A8021A08DA67145A2386BCDF917424E729C,accepted
first-order-logic/tableaux/quantifier-rules.tex,3959,800BFBB72D36D3E2C8F6D652146A797235F1CC785AD66457E2500919E2CC7A80,5433,C0DA79C04F3B4DE7EB7EA5CC40BBF24C7EED86567821485C025B2ACB7D1B0241,accepted
first-order-logic/tableaux/rules-and-proofs.tex,2525,93CBE7B304B8AD0C3140C23D139DCCDF37DF9FE8756CB25D8CA47EFE1EE6F84D,4953,1F30DA1BF1F60424D61AC23FDC978589DDE9910193D1CD5511F1381D22A20416,accepted
first-order-logic/tableaux/soundness-identity.tex,1745,3E9430F5D59A07997815894A8A190147E796825FEA24A326DD9F7AF6767AD519,2770,F09A6EE9621CBAEF2D51F6444FF91DD94743B11C4128EFA5FA920640845C9E56,accepted
first-order-logic/tableaux/soundness.tex,11066,49F119364F19485FA74C0C18E849F20B746E8EDEC9FDCCB9E98A8AFF7250A744,18567,E44BE27F34446A974E86C8EF796CA42F4A3AB18751A974A6540A028A5E808153,accepted
first-order-logic/tableaux/tableaux.tex,980,EAF9E7719E1E71EFB2B82FA80BAE67063790E30EF901686A065A23536E253098,1324,DE441356DBBCA1DBD77A53853FD582B2D5712B92A9AA882BB7D3883C9946AE53,accepted
propositional-logic/syntax-and-semantics/formation-sequences.tex,5431,4057BF6B85C70AD9EE56DC5365B21A1DAA0A99550079BDAFB1AB16F36B943356,8847,BE02EC6EBF49BF7613B4EB1514584315E6F761539C50EF7392257859E9870B86,accepted
propositional-logic/syntax-and-semantics/formulas.tex,7203,8777D77E48E3A41A527B1B737C67E00CB7850F4FA0902CE24846000B40724756,12078,A07C507C4965E56BCCA345EECE77F7E780E2E966AC16EE9085923FB61932DD7A,accepted
propositional-logic/syntax-and-semantics/introduction.tex,4227,2AD06497283FA1399D56862C75CAF1A418BB753FBB0195658AF9F0C57183A441,9366,4D12A4D329B6900B01F3DAF87E146452E275E1B6ABFC453903A9EA3E2C76F5C6,accepted
propositional-logic/syntax-and-semantics/preliminaries.tex,4271,78673F8419AA1F936F1ECC5629C0FA92C74FD4EE3102BADF5F389E3D775F48D6,7160,9CA3E5A08197FC57EB75C5C2EF3343B250823CD083843A7388A47296B6164CCF,accepted
propositional-logic/syntax-and-semantics/semantic-notions.tex,3058,0167B2BAB0DC2A75D011556643190A246D29831244A60BDE5515B1B2F431406A,4521,2957820331A3AFCAAA5AEEDEC1697FC46A67F10A9CCD3CFA0206CDD7BC0BC2A7,accepted
propositional-logic/syntax-and-semantics/syntax-and-semantics.tex,609,799D1DAB63CDA19A28C1DBF7097052FB790BBCE609AECD5367D2E368DECDB18B,916,0B57B20CC49A9EA5F181D7C54F8F17899548A1400CC1A7101EC4C5E0CB8A0951,accepted
propositional-logic/syntax-and-semantics/valuations-sat.tex,6190,D1454E8C2366F3A204A371523F41FEACBDC72402F7A3A7AE6635B60B17C90481,7902,F792891B4B0C8F2206DC9E2EB4BD34E18D732EDCA40844B2A63E02B53B47FAC4,accepted
sets-functions-relations/arithmetization/arithmetization.tex,575,05F8775A82C294927A6195AE372C1910E4777909FE8AD2AAA9CBF6DEA566FE24,932,A90F6DD646626F5F54AD3F3B7FBFB57ED8DF261556417DCBDFAED587CC480028,accepted
sets-functions-relations/arithmetization/cauchy.tex,10928,35D0A39913340EADCAB7FB9D7742B56AEF0D0F29868CD65EECA9DC53694E8AC2,21375,B11E6D6BBBDBE80706E1B9C98D16057750DF722F09E223226478B2099DFAE045,accepted
sets-functions-relations/arithmetization/checking-details.tex,8707,D791C146F159C8E43368C12CD1A10E61A53F501BAF9F3D2C606C7BD589C0AE01,14959,FE20D53467666877AA71B8DAD29FA2D7F7E2D528B9DED1C314C41267C89F6933,accepted
sets-functions-relations/arithmetization/cuts.tex,5825,E7CB1029BCB0F0F1AC677C005AF8D4E6A10DF84BFFF50C7483447B972324B44C,10804,358A9B0E0EDB0D1E112C48310D837D6EEC21A9B2CFB00C756FF0DD59341BF8C5,accepted
sets-functions-relations/arithmetization/integers.tex,5572,F93B142146B9527128437355D7E3922204EEDE2CA9C75A941D3C09A9A848CE77,9381,59BEDAD627EE1E1A793CA777632517051E1F1BCDD18D4814F9A61DF644BD39CA,accepted
sets-functions-relations/arithmetization/rationals.tex,3255,7140495368042FCBC55907E6EE568C5BC8B7066E44A01A50CBF4202ACEBE71D2,5805,CEBBC4159FF8E2E0207CD58ADB0A8349421F85A58BAAAC9E01B06A9BB821C769,accepted
sets-functions-relations/arithmetization/reals.tex,4654,3DF30161417B836178FF701AA3D778B9EC7C1BA8E3A8A54F98B5584A7960F453,9441,91D94287FC392535C8607BC52808349145989A9833854C4295C3D5B1AD4A30BF,accepted
sets-functions-relations/arithmetization/reflections.tex,5326,01032BE342B6892C970733ACF0B553216C39C5E864C0378D25FEA8C5EAA11EAD,11414,C0954F27EA4B604D5778D2792F995068B336F310913BC4A943CD7A10FC46D3A3,accepted
sets-functions-relations/functions/composition.tex,2572,091C7AB9E4D0517B2A62F4ECF10E4EB75F0F83E31E1BBD9C365C4B751B981FEE,4439,57DD0AC202EBB630225F6866212181D2222E476E7B3A6B3CBD33915831DA5E80,accepted
sets-functions-relations/functions/function-basics.tex,5583,F01A58D84A175F42D8C233EF0E7D41C23D406B54E8F11475C14514B64ECA3DC7,12315,B76E57E60F2B2E790FA0D0ED5C7A41AEEC774093A15B0FAB1B2152B37FA996EB,accepted
sets-functions-relations/functions/function-kinds.tex,4012,6DFE2A70579F8E3521D8E2286E2360DD58A19FBEDA9718B62342105388AB4F93,7149,10EA8E74DA040CBF388D32C6785E33934B6738284B307F99851A00A94E7B9092,accepted
sets-functions-relations/functions/functions-relations.tex,3984,0205F7168E0679F513E7C95EA7124CE364BCE36F9E04F06D519E90F6A5480A5C,7507,7AEF1467890AC3FD0358EE266CF98837BF1C1F77A6C1F22D456C5CBB04449C6F,accepted
sets-functions-relations/functions/functions.tex,425,CE481E97A8F301C749D1461326B4EE3D0792B4ADC15A1FCEB7C6ED3B58CECA54,424,5000A19DA14112B20F95E4BE4F04F06827405FE81CF12110E1DE001D0C19CF3F,accepted
sets-functions-relations/functions/inverses.tex,6924,93A84A2705E1ED3C92A7F5206C4308420BEBBBBCB43824C1EB50E05F83777C4B,13363,9D7121B1A346AB6F6B5F79E90FCB20DDFE1E53DBB728EDDD2F1C52A1856C75FF,accepted
sets-functions-relations/functions/isomorphic-functions.tex,1590,2B84AB8574D4EDAB2FF4CB52AB2AF2CDD474060649326AD6D797B56B78419790,2940,0EE8114EAC89BD9ED3D64FEB36B891655FA132DC53A4443C41CCBE38E4E5CAE4,accepted
sets-functions-relations/functions/partial-functions.tex,2676,2A1E79725A70FDE443CC3C19C325A2C422C49E7CCD095C965F8C50FD5CC6B10B,4745,D81904F0102DEE1C7EDD8787FDB9B826584AB470FC8700A1CA936008C7E1EF08,accepted
sets-functions-relations/infinite/card-sb.tex,4143,88534A3F2BE736A704AB31343E45933EDB9712FA5B4411EB102C0F4A12D656E9,7225,074448C705B579349144B72A823AE6DEAA40DD4553069001D6515D434B18B282,accepted
sets-functions-relations/infinite/dedekind-algebra.tex,5072,9CEE716BB8CB3BFD507ED5C17BBD4477D05995AF6F8F8D411087793BDAA86036,9063,2E26196F33E554474A91182C8F0DFEC953EC3438D3EF96CA4E6666EB77F076C8,accepted
sets-functions-relations/infinite/dedekind-induction.tex,3486,EA5F6C80D70ABCA6F5598DE3E221C2F60524C40CBF533AE8A5336D5BB7186537,6353,1CF233E9E5FF6B0D283F051C4322385D59FD86E9A655F9C46634595FBDAE6E9B,accepted
sets-functions-relations/infinite/dedekinds-proof.tex,5886,A7C41CEBB6B7B0E2BED0D187777BE4BA69FECDB17BAA070975A0CA5C5C55B8BF,13551,E5EB6F8C947EEDB793383E4B07F2F2FDD7A0941313653A10498EE2937C6903BD,accepted
sets-functions-relations/infinite/hilberts-hotel.tex,2551,E9A73CAEFCC496D7074251A3AC15F66FD577415BD3A531DD23F79375502EE0ED,4796,F15EF1834994AC4DA324FECEFEAC3C92D79DDF8C07126F0AEFA0F955CCE0B40F,accepted
sets-functions-relations/infinite/infinite.tex,458,1F4A788F692454ADC1A93E2670899F785F45EE9849952AC2F36FCE7CDD77DBFF,683,EC3D15E1C567F1E063961824C0EF9609EDD3AAF9FAEB0E5F7F6504E21A12561F,accepted
sets-functions-relations/relations/equivalence-relations.tex,3470,0B2167D0A9633938FD173D396F9E92B795826821471FF111483F7C7088A4BE46,6407,F34349BB446B43149C1688095F46F3F0D530C85F22967BE240F31955A100A628,accepted
sets-functions-relations/relations/graphs.tex,3016,A538018608CE97D0B371A392912C3D6825D8F3B17719BCECA5744A77ACE26351,5440,D7197AE6425C67138F067A8DF5D32CE1CD8A894DFEB6B0ABFA456ED0CF345191,accepted
sets-functions-relations/relations/operations.tex,2234,5E6F57E9DDF53E1624955ADABD594EA3855AD787C1074BA12421B0025B432372,4071,194997DAB123AD0FC6F086528F57DE595B5C04BE56712260A3692BC3EE08E0BB,accepted
sets-functions-relations/relations/orders.tex,6476,C6B7F7F49379F9CAC28D844270639EAE141152978EF8AD68065D0CFD83CCBD38,12196,6846E9CE065F6B7B9B8327E1A222FA092DC9277A5C179070B16943B18BCB0634,accepted
sets-functions-relations/relations/reflections.tex,4065,1F94C1032EAEDB73B1DE69E6F010B8E0C7437FE240AB280583FF358896FA4B27,8651,88B027234080A75123D7D43311A5D2FF11972BDB030923DC955AF8CEDD3A7146,accepted
sets-functions-relations/relations/relations-as-sets.tex,5376,412C6FA44EAD94F076DFEA7CD23F9E3CD748B08C1882DCB129B15F8EFCF5C29C,10665,D058B0700F3137B7F67F35E3A96F4EC85092D0C1FCC85EFC2BC1B46C16886495,accepted
sets-functions-relations/relations/relations-complete.tex,438,7E1363F3E757004246334478742E4199101DBB2551FAC272462454CD40161E23,443,3A072278084D786569BA51EE41F3D2DDF717BB44BB4B3C4A5DED8A84F5A0D662,accepted
sets-functions-relations/relations/relations.tex,403,69E7B017E60673C488D1EC98C186ED0986BC1489B8554F848C95C189AF5C9E54,408,FD7D683E7E99964DF6BB0E4F79B86CCF5A5A62DECFD921B13AA3A1F882F9EFEA,accepted
sets-functions-relations/relations/special-properties.tex,3165,F9BDFCB4C680EA58FDB209F0347C2F8055DE96558CAF69A26EC3CE8E1E7CE6A1,6617,7E2F28A89715B368745ED74A494356EB7D20978669CCFAF7876D749927C79684,accepted
sets-functions-relations/relations/trees.tex,5232,57CC56EE55506AA19E7BE6129D2CAD6B8635FD2D6407399D4F774782F2CDD588,10717,D281FF4EFD5FC6E73BB84D91B42F5DF07163229E573107882614271247BE6E0B,accepted
sets-functions-relations/sets/basics.tex,3922,8BC9151AF0985E6E20C374AA38CDDD1ADD7A8DFFBABCCC94B89F324F62C40F8C,8378,EF15CF3906AC6D28C1EFB646967C0B24BD78C6F7389D92577E1C045D084B8C19,accepted
sets-functions-relations/sets/important-sets.tex,2720,B1B998CAD3FA5AEF48670F755245F86EFE00B239D332A50E764147602405FB32,5354,3FCCFD5670287EA687669C8EF4D6D1A5DFFA7AB3F193B2D178E6294E04E49C65,accepted
sets-functions-relations/sets/pairs-and-products.tex,4645,3DB7F0241D387B49488F70E78062C24192B813873618F761565D97BD7249431C,8935,8094D15AE1B66D570FBBCAE5BF59581E452B64DFE5481D118CE71881F4006EE3,accepted
sets-functions-relations/sets/russells-paradox.tex,3761,9A76315CD0D9CF89D27E90A9B87138B1C95AEA98E0D26DE3FE12D897B8C4D10D,8676,7B8B95FCFED81252E839450532A2D7DF0853182F18E6B248555E87270D387682,accepted
sets-functions-relations/sets/sets.tex,380,EEA34D38BB52811468A0025D348457A0F4D3F44AAE4B7CABB28551D6328E2785,494,E435B15DF5E3A7CCEA268EC7065A878700E2CEF44EE9676B9F0957986AEA2FE8,accepted
sets-functions-relations/sets/subsets.tex,3618,5D982F62C40325CF75DA4517ADD45CA073E23FB9463CFB3ADFB9AAFBB8582E46,7072,4EDFE1DE4EED4A0B8048F6729A3692EBC0607B20B28697F3A7FE56DE3A9EA94C,accepted
sets-functions-relations/sets/unions-and-intersections.tex,6075,2AD0EEC70308CEEFF2A4158B2DEE60E59A9B1CF9268FC95C4BB1DA05F65AD60D,11379,0A4CDDE4A164F5436920ECE895AC1BC60D2D4BF853B09C27390A53177406C260,accepted
sets-functions-relations/size-of-sets/comparing-size.tex,6827,CB92C7E6DF9529CED700D708AD8C6EFDA9A0D8C3F8E69D08BCB4D614C6F5041B,12948,483130FEBFADA2B59AE7997EFA704858463D19FEE81E09F3C6D3F358669B803B,accepted
sets-functions-relations/size-of-sets/enumerability-alt.tex,4883,8AD8D8941A5CA6D1B4CD2CC351FC16A912D00273783C0358838DD4FA51FB4627,9009,1ED66513E3ABC34FA4D47EBAEB9B3973C84507E387E805C1EABCB25209A9034A,accepted
sets-functions-relations/size-of-sets/enumerability.tex,12285,7657DB317A07EEF9CD5497AD88997483DD43C9F94F27D257ABE857084886A2FE,22899,30A9EDB8788121CB2117B20BD113F827DFA8232FD4C0C4574124DAB214C7B4EE,accepted
sets-functions-relations/size-of-sets/equinumerous-sets.tex,4252,7B0444E3293B300B72B7A6D49638913A778F5131FD94650DD64A5F11040C91F2,7520,37853912DE48CAA1F00C06C7923986FDEEC14F9E90C926A9F3623DA0CE901146,accepted
sets-functions-relations/size-of-sets/introduction.tex,1126,E771BD78D2B9819350B17F333524E22CE44A26647916F5B864CB934E380C1FB9,2342,4661ED0401D31AF9B83AD093D07184036612915FD25F12A67317539E9B449C6D,accepted
sets-functions-relations/size-of-sets/non-enumerability-alt.tex,6735,0C20A2C420FBF4DBD801BB97E37799B3C602AE33EF2B1DC85FF94E24208CA2BB,12426,0881BB16008D279BAB96B3997934C8B3E591B210BFAB32D00A6496E4C3F1D39B,accepted
sets-functions-relations/size-of-sets/non-enumerability.tex,9412,A272A841F8C50BDA6589AAC40278B9BFF7F8A1F5284730C7195423B09AC3BA2E,17671,9AB82468F45D9AF5282EAFC7A7482B525BF5C25D83FDC294540BF5DEB62942BD,accepted
sets-functions-relations/size-of-sets/pairing-alt.tex,4705,FD523F5306E1FD0E5C03F4C572D244FB017D1C0BE27939F180BC6867A214E425,7816,B3E9383698D7526F9320E7D22A65DC12E27D148B7541A04700EB8385E2E29DF9,accepted
sets-functions-relations/size-of-sets/pairing.tex,4171,345A39184E28AF727E378D5B5883B5E7D2E1C27CD729329376D19426DDAED484,8272,9853A1C18B34315F74E3999F623EA39993A7DD6037CE73B1D67104937DD49F03,accepted
sets-functions-relations/size-of-sets/reduction-alt.tex,5639,46381B85C0E9A1AB48CB9301518DE91F073D649C3B1119325C1409F5A6C1D663,9228,92C34A99A716B284981E132839AD9244C756BDFFD74343C76737EBB821AB7763,accepted
sets-functions-relations/size-of-sets/reduction.tex,5678,33F0CBB35C8C1FA3FF0E4F44FA626FDC298D1C4612AEAAFB41BCB920E5D18AC8,10559,1FB99C778784C6965157F5BEF82D22CA4FEDC3C45575BFCE342F6C3183ADF6CD,accepted
sets-functions-relations/size-of-sets/schroder-bernstein.tex,1998,7B99B3E032E24E425383734CE80AD9A5CC37D018C09205E02F37B927D50BB56A,3757,799D7F3A586D5D7BDC2DD2BC7E8CB6CB9FCDE65C110AE42E7885EC2CE3BED9AE,accepted
sets-functions-relations/size-of-sets/size-of-sets-complete.tex,1501,D2B1A2F68E99EFC2E5FD9F15316DB26D7F898BD61135213309F61D28A6F00A60,2440,96FC12E5E0F1DD716BD576EF3DF068269051932AEABF47482CD2A9C68C6F21C6,accepted
sets-functions-relations/size-of-sets/size-of-sets.tex,890,877C8E21A7381DF4092D6D61CBA7384197674EC0E182BF1AEEE56DFF00109793,1302,141C9B6FA40F6AE8B29D7F064A6F747DA63E76108853B9B285698434FA8CC303,accepted
sets-functions-relations/size-of-sets/zig-zag.tex,4502,18BF058D52E22B9DBC7A08AF314B58C81F35DD4009C0CCF726A0D00AEC391DEE,6715,659D008B42A9353E23E993F0A9E864BC734D00D922D42C7691552A08313B8A82,accepted
